2026-09-28 17:38:47,862 [INFO] Activator:177 - 


2026-09-28 17:38:47,863 [INFO] Activator:178 - !SESSION log4j initialized
2026-09-28 17:38:47,924 [ERROR] LogOutputStream:74 - [STDERR_REDIRECT] SWT Webkit: Warning, You are using an old version of webkitgtk. (pre 2.4) BrowserFunction functionality will not be available
2026-09-28 17:38:47,924 [ERROR] LogOutputStream:74 - [STDERR_REDIRECT] SWT WebKit: error initializing DBus server, dBusServer == 0
2026-09-28 17:38:51,381 [ERROR] AnalyticsContext:980 - The ST intranet updater server is unknown: mcucrossselector.codex.cro.st.com
2026-09-28 17:38:59,844 [ERROR] ConfigurationRetriever:139 - IOException on connection: Connection reset
2026-09-28 17:39:05,867 [ERROR] ConfigurationRetriever:139 - IOException on connection: Connection reset
2026-09-28 17:39:06,916 [ERROR] ConfigurationRetriever:139 - IOException on connection: Connection reset
2026-09-28 17:41:02,929 [INFO] Activator:177 - 


2026-09-28 17:41:02,930 [INFO] Activator:178 - !SESSION log4j initialized
2026-09-28 17:41:03,276 [ERROR] LogOutputStream:74 - [STDERR_REDIRECT] SWT Webkit: Warning, You are using an old version of webkitgtk. (pre 2.4) BrowserFunction functionality will not be available
2026-09-28 17:41:03,276 [ERROR] LogOutputStream:74 - [STDERR_REDIRECT] SWT WebKit: error initializing DBus server, dBusServer == 0
2026-09-28 17:41:05,275 [ERROR] AnalyticsContext:980 - The ST intranet updater server is unknown: mcucrossselector.codex.cro.st.com
2026-09-28 17:52:12,979 [INFO] McuFinderGlobals:39 - Set McuFinder mode to 2 (CubeIDE integrated)
2026-09-28 17:52:13,042 [INFO] ApplicationProperties:181 - Using Application install path: /home/rmb/Downloads/stm32cubeide-1.9.0-sandbox/plugins/com.st.stm32cube.common.mx_6.5.0.202202251913
2026-09-28 17:52:13,058 [INFO] DbMcusXml:72 - Set database path to: /home/rmb/Downloads/stm32cubeide-1.9.0-sandbox/plugins/com.st.stm32cube.common.mx_6.5.0.202202251913//db//mcu/
2026-09-28 17:52:13,058 [INFO] ApiDb:260 - Set plugin database path to: /home/rmb/Downloads/stm32cubeide-1.9.0-sandbox/plugins/com.st.stm32cube.common.mx_6.5.0.202202251913//db//plugins/boardmanager/
2026-09-28 17:52:13,061 [WARN] ApiDb:245 - Overriding images path with different value:  => /home/rmb/Downloads/stm32cubeide-1.9.0-sandbox/plugins/com.st.stm32cube.common.mx_6.5.0.202202251913//db//plugins/mcufinder/images/
2026-09-28 17:52:13,372 [ERROR] ApiFinderProperties:213 - Failed to read file additional_hw_images/X-NUCLEO-S2915A1.jpg: /home/rmb/.stmcufinder/plugins/mcufinder/mcu/additional_hw_images/X-NUCLEO-S2915A1.jpg (No such file or directory)
2026-09-28 17:52:13,373 [ERROR] ApiFinderProperties:213 - Failed to read file additional_hw_images/X-NUCLEO-S2868A2.jpg: /home/rmb/.stmcufinder/plugins/mcufinder/mcu/additional_hw_images/X-NUCLEO-S2868A2.jpg (No such file or directory)
2026-09-28 17:52:13,373 [ERROR] ApiFinderProperties:213 - Failed to read file additional_hw_images/X-NUCLEO-S2868A1.jpg: /home/rmb/.stmcufinder/plugins/mcufinder/mcu/additional_hw_images/X-NUCLEO-S2868A1.jpg (No such file or directory)
2026-09-28 17:52:13,374 [ERROR] ApiFinderProperties:213 - Failed to read file additional_hw_images/X-NUCLEO-NFC04A1.jpg: /home/rmb/.stmcufinder/plugins/mcufinder/mcu/additional_hw_images/X-NUCLEO-NFC04A1.jpg (No such file or directory)
2026-09-28 17:52:13,375 [ERROR] ApiFinderProperties:213 - Failed to read file additional_hw_images/X-NUCLEO-IKS02A1.jpg: /home/rmb/.stmcufinder/plugins/mcufinder/mcu/additional_hw_images/X-NUCLEO-IKS02A1.jpg (No such file or directory)
2026-09-28 17:52:13,376 [ERROR] ApiFinderProperties:213 - Failed to read file additional_hw_images/X-NUCLEO-IKS01A3.jpg: /home/rmb/.stmcufinder/plugins/mcufinder/mcu/additional_hw_images/X-NUCLEO-IKS01A3.jpg (No such file or directory)
2026-09-28 17:52:13,378 [ERROR] ApiFinderProperties:213 - Failed to read file additional_hw_images/X-NUCLEO-IKS01A2.jpg: /home/rmb/.stmcufinder/plugins/mcufinder/mcu/additional_hw_images/X-NUCLEO-IKS01A2.jpg (No such file or directory)
2026-09-28 17:52:13,380 [ERROR] ApiFinderProperties:213 - Failed to read file additional_hw_images/X-NUCLEO-IDB05A2.jpg: /home/rmb/.stmcufinder/plugins/mcufinder/mcu/additional_hw_images/X-NUCLEO-IDB05A2.jpg (No such file or directory)
2026-09-28 17:52:13,380 [ERROR] ApiFinderProperties:213 - Failed to read file additional_hw_images/X-NUCLEO-EEPRMA2.jpg: /home/rmb/.stmcufinder/plugins/mcufinder/mcu/additional_hw_images/X-NUCLEO-EEPRMA2.jpg (No such file or directory)
2026-09-28 17:52:13,381 [ERROR] ApiFinderProperties:213 - Failed to read file additional_hw_images/X-NUCLEO-EEPRMA1.jpg: /home/rmb/.stmcufinder/plugins/mcufinder/mcu/additional_hw_images/X-NUCLEO-EEPRMA1.jpg (No such file or directory)
2026-09-28 17:52:13,381 [ERROR] ApiFinderProperties:213 - Failed to read file additional_hw_images/X-NUCLEO-BNRG2A1.jpg: /home/rmb/.stmcufinder/plugins/mcufinder/mcu/additional_hw_images/X-NUCLEO-BNRG2A1.jpg (No such file or directory)
2026-09-28 17:52:13,383 [ERROR] ApiFinderProperties:213 - Failed to read file additional_hw_images/X-NUCLEO-6283A1.jpg: /home/rmb/.stmcufinder/plugins/mcufinder/mcu/additional_hw_images/X-NUCLEO-6283A1.jpg (No such file or directory)
2026-09-28 17:52:13,383 [ERROR] ApiFinderProperties:213 - Failed to read file additional_hw_images/VD6283TX.jpg: /home/rmb/.stmcufinder/plugins/mcufinder/mcu/additional_hw_images/VD6283TX.jpg (No such file or directory)
2026-09-28 17:52:13,384 [ERROR] ApiFinderProperties:213 - Failed to read file additional_hw_images/STTS751.jpg: /home/rmb/.stmcufinder/plugins/mcufinder/mcu/additional_hw_images/STTS751.jpg (No such file or directory)
2026-09-28 17:52:13,384 [ERROR] ApiFinderProperties:213 - Failed to read file additional_hw_images/STEVAL-MKI209V1K.jpg: /home/rmb/.stmcufinder/plugins/mcufinder/mcu/additional_hw_images/STEVAL-MKI209V1K.jpg (No such file or directory)
2026-09-28 17:52:13,385 [ERROR] ApiFinderProperties:213 - Failed to read file additional_hw_images/ST25DV04K.jpg: /home/rmb/.stmcufinder/plugins/mcufinder/mcu/additional_hw_images/ST25DV04K.jpg (No such file or directory)
2026-09-28 17:52:13,385 [ERROR] ApiFinderProperties:213 - Failed to read file additional_hw_images/S2-LP.jpg: /home/rmb/.stmcufinder/plugins/mcufinder/mcu/additional_hw_images/S2-LP.jpg (No such file or directory)
2026-09-28 17:52:13,386 [ERROR] ApiFinderProperties:213 - Failed to read file additional_hw_images/M95M04-DR.jpg: /home/rmb/.stmcufinder/plugins/mcufinder/mcu/additional_hw_images/M95M04-DR.jpg (No such file or directory)
2026-09-28 17:52:13,386 [ERROR] ApiFinderProperties:213 - Failed to read file additional_hw_images/M95M01-DF.jpg: /home/rmb/.stmcufinder/plugins/mcufinder/mcu/additional_hw_images/M95M01-DF.jpg (No such file or directory)
2026-09-28 17:52:13,386 [ERROR] ApiFinderProperties:213 - Failed to read file additional_hw_images/M95256-DF.jpg: /home/rmb/.stmcufinder/plugins/mcufinder/mcu/additional_hw_images/M95256-DF.jpg (No such file or directory)
2026-09-28 17:52:13,386 [ERROR] ApiFinderProperties:213 - Failed to read file additional_hw_images/M95040-R.jpg: /home/rmb/.stmcufinder/plugins/mcufinder/mcu/additional_hw_images/M95040-R.jpg (No such file or directory)
2026-09-28 17:52:13,386 [ERROR] ApiFinderProperties:213 - Failed to read file additional_hw_images/M24M01-DF.jpg: /home/rmb/.stmcufinder/plugins/mcufinder/mcu/additional_hw_images/M24M01-DF.jpg (No such file or directory)
2026-09-28 17:52:13,386 [ERROR] ApiFinderProperties:213 - Failed to read file additional_hw_images/M24C02-F.jpg: /home/rmb/.stmcufinder/plugins/mcufinder/mcu/additional_hw_images/M24C02-F.jpg (No such file or directory)
2026-09-28 17:52:13,386 [ERROR] ApiFinderProperties:213 - Failed to read file additional_hw_images/M24256-DF.jpg: /home/rmb/.stmcufinder/plugins/mcufinder/mcu/additional_hw_images/M24256-DF.jpg (No such file or directory)
2026-09-28 17:52:13,386 [ERROR] ApiFinderProperties:213 - Failed to read file additional_hw_images/LSM6DSO.jpg: /home/rmb/.stmcufinder/plugins/mcufinder/mcu/additional_hw_images/LSM6DSO.jpg (No such file or directory)
2026-09-28 17:52:13,387 [ERROR] ApiFinderProperties:213 - Failed to read file additional_hw_images/LSM6DSL.jpg: /home/rmb/.stmcufinder/plugins/mcufinder/mcu/additional_hw_images/LSM6DSL.jpg (No such file or directory)
2026-09-28 17:52:13,387 [ERROR] ApiFinderProperties:213 - Failed to read file additional_hw_images/LSM303AGR.jpg: /home/rmb/.stmcufinder/plugins/mcufinder/mcu/additional_hw_images/LSM303AGR.jpg (No such file or directory)
2026-09-28 17:52:13,387 [ERROR] ApiFinderProperties:213 - Failed to read file additional_hw_images/LPS22HH.jpg: /home/rmb/.stmcufinder/plugins/mcufinder/mcu/additional_hw_images/LPS22HH.jpg (No such file or directory)
2026-09-28 17:52:13,388 [ERROR] ApiFinderProperties:213 - Failed to read file additional_hw_images/LPS22HB.jpg: /home/rmb/.stmcufinder/plugins/mcufinder/mcu/additional_hw_images/LPS22HB.jpg (No such file or directory)
2026-09-28 17:52:13,388 [ERROR] ApiFinderProperties:213 - Failed to read file additional_hw_images/LIS2MDL.jpg: /home/rmb/.stmcufinder/plugins/mcufinder/mcu/additional_hw_images/LIS2MDL.jpg (No such file or directory)
2026-09-28 17:52:13,388 [ERROR] ApiFinderProperties:213 - Failed to read file additional_hw_images/LIS2DW12.jpg: /home/rmb/.stmcufinder/plugins/mcufinder/mcu/additional_hw_images/LIS2DW12.jpg (No such file or directory)
2026-09-28 17:52:13,389 [ERROR] ApiFinderProperties:213 - Failed to read file additional_hw_images/ISM330DHCX.jpg: /home/rmb/.stmcufinder/plugins/mcufinder/mcu/additional_hw_images/ISM330DHCX.jpg (No such file or directory)
2026-09-28 17:52:13,389 [ERROR] ApiFinderProperties:213 - Failed to read file additional_hw_images/IMP34DT05.jpg: /home/rmb/.stmcufinder/plugins/mcufinder/mcu/additional_hw_images/IMP34DT05.jpg (No such file or directory)
2026-09-28 17:52:13,390 [ERROR] ApiFinderProperties:213 - Failed to read file additional_hw_images/IIS2MDC.jpg: /home/rmb/.stmcufinder/plugins/mcufinder/mcu/additional_hw_images/IIS2MDC.jpg (No such file or directory)
2026-09-28 17:52:13,393 [ERROR] ApiFinderProperties:213 - Failed to read file additional_hw_images/IIS2ICLX.jpg: /home/rmb/.stmcufinder/plugins/mcufinder/mcu/additional_hw_images/IIS2ICLX.jpg (No such file or directory)
2026-09-28 17:52:13,394 [ERROR] ApiFinderProperties:213 - Failed to read file additional_hw_images/IIS2DLPC.jpg: /home/rmb/.stmcufinder/plugins/mcufinder/mcu/additional_hw_images/IIS2DLPC.jpg (No such file or directory)
2026-09-28 17:52:13,394 [ERROR] ApiFinderProperties:213 - Failed to read file additional_hw_images/HTS221.jpg: /home/rmb/.stmcufinder/plugins/mcufinder/mcu/additional_hw_images/HTS221.jpg (No such file or directory)
2026-09-28 17:52:13,394 [ERROR] ApiFinderProperties:213 - Failed to read file additional_hw_images/BlueNRG-M2SP.jpg: /home/rmb/.stmcufinder/plugins/mcufinder/mcu/additional_hw_images/BlueNRG-M2SP.jpg (No such file or directory)
2026-09-28 17:52:13,395 [ERROR] ApiFinderProperties:213 - Failed to read file additional_hw_images/BlueNRG-M0.jpg: /home/rmb/.stmcufinder/plugins/mcufinder/mcu/additional_hw_images/BlueNRG-M0.jpg (No such file or directory)
2026-09-28 17:52:13,406 [WARN] ApiFinderProperties:104 - /home/rmb/.stmcufinder/plugins/mcufinder/mcu/mcuFinder.mfd doesn't exist
2026-09-28 17:52:13,406 [INFO] ApiDb:226 - Set database path to: /home/rmb/.stmcufinder/plugins/mcufinder//mcu/
2026-09-28 17:52:13,407 [INFO] DbMcusAds:119 - Set database path to: /home/rmb/.stmcufinder/plugins/mcufinder//mcu/
2026-09-28 17:52:13,933 [INFO] CrossReferenceDbSqlite:196 - Set database path to: /home/rmb/.stmcufinder/plugins/mcufinder//mcu/cs/
2026-09-28 17:52:14,027 [INFO] RulesReader:57 - Compatibility file has been processed (281 Rules)
2026-09-28 17:52:14,064 [INFO] DbMcusXml:72 - Set database path to: /home/rmb/Downloads/stm32cubeide-1.9.0-sandbox/plugins/com.st.stm32cube.common.mx_6.5.0.202202251913//db//mcu/
2026-09-28 17:52:14,065 [INFO] ApiDb:260 - Set plugin database path to: /home/rmb/Downloads/stm32cubeide-1.9.0-sandbox/plugins/com.st.stm32cube.common.mx_6.5.0.202202251913//db//plugins/boardmanager/
2026-09-28 17:52:14,065 [INFO] ApiDb:247 - Set plugin images path to: /home/rmb/Downloads/stm32cubeide-1.9.0-sandbox/plugins/com.st.stm32cube.common.mx_6.5.0.202202251913//db//plugins/mcufinder/images/
2026-09-28 17:52:14,065 [WARN] DbFile:35 - Overriding database path with different value: /home/rmb/.stmcufinder/plugins/mcufinder/ => /home/rmb/.stmcufinder/plugins/mcufinder
2026-09-28 17:52:14,065 [INFO] ApiDb:226 - Set database path to: /home/rmb/.stmcufinder/plugins/mcufinder//mcu/
2026-09-28 17:52:14,065 [WARN] DbFile:35 - Overriding database path with different value: /home/rmb/.stmcufinder/plugins/mcufinder/ => /home/rmb/.stmcufinder/plugins/mcufinder
2026-09-28 17:52:14,065 [INFO] DbMcusAds:119 - Set database path to: /home/rmb/.stmcufinder/plugins/mcufinder//mcu/
2026-09-28 17:52:14,065 [WARN] DbFile:35 - Overriding database path with different value: /home/rmb/.stmcufinder/plugins/mcufinder/ => /home/rmb/.stmcufinder/plugins/mcufinder
2026-09-28 17:52:14,065 [WARN] DbFile:35 - Overriding database path with different value: /home/rmb/.stmcufinder/plugins/mcufinder/ => /home/rmb/.stmcufinder/plugins/mcufinder
2026-09-28 17:52:14,065 [INFO] CrossReferenceDbSqlite:196 - Set database path to: /home/rmb/.stmcufinder/plugins/mcufinder//mcu/cs/
2026-09-28 17:52:14,097 [INFO] MainPanel:230 - HeapMemory: 268435456
2026-09-28 17:52:14,150 [INFO] DbMcusXml:72 - Set database path to: /home/rmb/Downloads/stm32cubeide-1.9.0-sandbox/plugins/com.st.stm32cube.common.mx_6.5.0.202202251913//db//mcu/
2026-09-28 17:52:14,150 [INFO] ApiDb:260 - Set plugin database path to: /home/rmb/Downloads/stm32cubeide-1.9.0-sandbox/plugins/com.st.stm32cube.common.mx_6.5.0.202202251913//db//plugins/boardmanager/
2026-09-28 17:52:14,150 [INFO] ApiDb:247 - Set plugin images path to: /home/rmb/Downloads/stm32cubeide-1.9.0-sandbox/plugins/com.st.stm32cube.common.mx_6.5.0.202202251913//db//plugins/mcufinder/images/
2026-09-28 17:52:14,150 [WARN] DbFile:35 - Overriding database path with different value: /home/rmb/.stmcufinder/plugins/mcufinder/ => /home/rmb/.stmcufinder/plugins/mcufinder
2026-09-28 17:52:14,150 [INFO] ApiDb:226 - Set database path to: /home/rmb/.stmcufinder/plugins/mcufinder//mcu/
2026-09-28 17:52:14,150 [WARN] DbFile:35 - Overriding database path with different value: /home/rmb/.stmcufinder/plugins/mcufinder/ => /home/rmb/.stmcufinder/plugins/mcufinder
2026-09-28 17:52:14,150 [INFO] DbMcusAds:119 - Set database path to: /home/rmb/.stmcufinder/plugins/mcufinder//mcu/
2026-09-28 17:52:14,150 [WARN] DbFile:35 - Overriding database path with different value: /home/rmb/.stmcufinder/plugins/mcufinder/ => /home/rmb/.stmcufinder/plugins/mcufinder
2026-09-28 17:52:14,150 [WARN] DbFile:35 - Overriding database path with different value: /home/rmb/.stmcufinder/plugins/mcufinder/ => /home/rmb/.stmcufinder/plugins/mcufinder
2026-09-28 17:52:14,150 [INFO] CrossReferenceDbSqlite:196 - Set database path to: /home/rmb/.stmcufinder/plugins/mcufinder//mcu/cs/
2026-09-28 17:52:14,159 [INFO] ApplicationProperties:181 - Using Application install path: /home/rmb/Downloads/stm32cubeide-1.9.0-sandbox/plugins/com.st.stm32cube.common.mx_6.5.0.202202251913
2026-09-28 17:52:14,160 [INFO] PluginManage:188 - Search for loadable plugins [exclusion list=, ]
2026-09-28 17:52:14,160 [INFO] PluginManage:302 - Check plugin analytics
2026-09-28 17:52:14,209 [ERROR] AnalyticsContext:980 - The ST intranet updater server is unknown: mcucrossselector.codex.cro.st.com
2026-09-28 17:52:14,233 [INFO] AnalyticsPlugin:257 - Accepted Software Licenses: 
2026-09-28 17:52:14,233 [INFO] AnalyticsPlugin:259 - Accepted CMSIS Pack Licenses: 
2026-09-28 17:52:14,233 [INFO] AnalyticsPlugin:261 - Accepted Firmware Licenses: 
2026-09-28 17:52:14,236 [INFO] PluginManage:352 - Loaded plugin analytics (category:tool,tabindex:-1)
2026-09-28 17:52:14,236 [INFO] PluginManage:302 - Check plugin clock
2026-09-28 17:52:14,241 [INFO] PluginManage:352 - Loaded plugin clock (category:base,tabindex:2)
2026-09-28 17:52:14,241 [INFO] PluginManage:302 - Check plugin ddr
2026-09-28 17:52:14,242 [INFO] PluginManage:352 - Loaded plugin ddr (category:tool,tabindex:6)
2026-09-28 17:52:14,242 [INFO] PluginManage:302 - Check plugin filemanager
2026-09-28 17:52:14,298 [INFO] PluginManage:352 - Loaded plugin filemanager (category:base,tabindex:10)
2026-09-28 17:52:14,298 [INFO] PluginManage:302 - Check plugin ipmanager
2026-09-28 17:52:14,301 [INFO] PluginManage:352 - Loaded plugin ipmanager (category:base,tabindex:5)
2026-09-28 17:52:14,301 [INFO] PluginManage:302 - Check plugin lpbam
2026-09-28 17:52:14,304 [INFO] PluginManage:352 - Loaded plugin lpbam (category:base,tabindex:0)
2026-09-28 17:52:14,305 [INFO] PluginManage:302 - Check plugin pinoutandconfiguration
2026-09-28 17:52:14,311 [INFO] PluginManage:352 - Loaded plugin pinoutandconfiguration (category:base,tabindex:1)
2026-09-28 17:52:14,311 [INFO] PluginManage:302 - Check plugin pinoutconfig
2026-09-28 17:52:14,336 [INFO] PluginManage:352 - Loaded plugin pinoutconfig (category:base,tabindex:0)
2026-09-28 17:52:14,336 [INFO] PluginManage:302 - Check plugin power
2026-09-28 17:52:14,340 [INFO] PluginManage:352 - Loaded plugin power (category:power,tabindex:4)
2026-09-28 17:52:14,341 [INFO] PluginManage:302 - Check plugin projectmanager
2026-09-28 17:52:14,352 [INFO] PluginManage:352 - Loaded plugin projectmanager (category:projectmanager,tabindex:3)
2026-09-28 17:52:14,352 [INFO] PluginManage:302 - Check plugin thirdparty
2026-09-28 17:52:14,404 [WARN] IntegrityCheckThread:78 - waiting for thirdparty lock release [integrity check]
2026-09-28 17:52:14,404 [INFO] PluginManage:352 - Loaded plugin thirdparty (category:base,tabindex:-1)
2026-09-28 17:52:14,404 [INFO] IntegrityCheckThread:80 - entering critical section [integrity check]
2026-09-28 17:52:14,405 [INFO] PluginManage:302 - Check plugin tools
2026-09-28 17:52:14,406 [INFO] PluginManage:352 - Loaded plugin tools (category:base,tabindex:7)
2026-09-28 17:52:14,406 [INFO] ThirdPartyUpdaterWithRetryManager:66 - Updater plugin not ready yet. [1/15]
2026-09-28 17:52:14,406 [INFO] PluginManage:302 - Check plugin tutovideos
2026-09-28 17:52:14,498 [INFO] PluginManage:352 - Loaded plugin tutovideos (category:base,tabindex:-1)
2026-09-28 17:52:14,498 [INFO] PluginManage:302 - Check plugin updater
2026-09-28 17:52:14,505 [INFO] PluginManage:352 - Loaded plugin updater (category:base,tabindex:12)
2026-09-28 17:52:14,506 [INFO] PluginManage:275 - PluginManage : Loaded plugins [14]
2026-09-28 17:52:14,665 [INFO] PinOutPanel:1465 - setPackage(No Configuration,No Configuration)
2026-09-28 17:52:14,700 [INFO] IPUIPlugin:75 - create IPUIPlugin
2026-09-28 17:52:14,700 [INFO] PluginManager:213 - loadIPPluginJar : add pdm2pcm
2026-09-28 17:52:14,701 [INFO] IPUIPlugin:75 - create IPUIPlugin
2026-09-28 17:52:14,701 [INFO] PluginManager:213 - loadIPPluginJar : add ucpd
2026-09-28 17:52:14,701 [INFO] IPUIPlugin:75 - create IPUIPlugin
2026-09-28 17:52:14,701 [INFO] PluginManager:213 - loadIPPluginJar : add tsc
2026-09-28 17:52:14,704 [INFO] IPUIPlugin:75 - create IPUIPlugin
2026-09-28 17:52:14,705 [INFO] PluginManager:213 - loadIPPluginJar : add adc
2026-09-28 17:52:14,705 [INFO] IPUIPlugin:75 - create IPUIPlugin
2026-09-28 17:52:14,706 [INFO] PluginManager:213 - loadIPPluginJar : add touchsensing
2026-09-28 17:52:14,707 [INFO] IPUIPlugin:75 - create IPUIPlugin
2026-09-28 17:52:14,707 [INFO] PluginManager:213 - loadIPPluginJar : add stm32_wpan
2026-09-28 17:52:14,708 [INFO] IPUIPlugin:75 - create IPUIPlugin
2026-09-28 17:52:14,708 [INFO] PluginManager:213 - loadIPPluginJar : add usart
2026-09-28 17:52:14,708 [INFO] IPUIPlugin:75 - create IPUIPlugin
2026-09-28 17:52:14,708 [INFO] PluginManager:213 - loadIPPluginJar : add can
2026-09-28 17:52:14,709 [INFO] IPUIPlugin:75 - create IPUIPlugin
2026-09-28 17:52:14,709 [INFO] PluginManager:213 - loadIPPluginJar : add spi
2026-09-28 17:52:14,711 [INFO] IPUIPlugin:75 - create IPUIPlugin
2026-09-28 17:52:14,711 [INFO] PluginManager:213 - loadIPPluginJar : add gic
2026-09-28 17:52:14,712 [INFO] IPUIPlugin:75 - create IPUIPlugin
2026-09-28 17:52:14,712 [INFO] PluginManager:213 - loadIPPluginJar : add lorawan
2026-09-28 17:52:14,715 [INFO] IPUIPlugin:75 - create IPUIPlugin
2026-09-28 17:52:14,715 [INFO] PluginManager:213 - loadIPPluginJar : add linkedlist
2026-09-28 17:52:14,716 [INFO] IPUIPlugin:75 - create IPUIPlugin
2026-09-28 17:52:14,716 [INFO] PluginManager:213 - loadIPPluginJar : add i2c
2026-09-28 17:52:14,717 [INFO] IPUIPlugin:75 - create IPUIPlugin
2026-09-28 17:52:14,717 [INFO] PluginManager:213 - loadIPPluginJar : add resmgrutility
2026-09-28 17:52:14,718 [INFO] IPUIPlugin:75 - create IPUIPlugin
2026-09-28 17:52:14,718 [INFO] PluginManager:213 - loadIPPluginJar : add ipddr
2026-09-28 17:52:14,719 [INFO] IPUIPlugin:75 - create IPUIPlugin
2026-09-28 17:52:14,719 [INFO] PluginManager:213 - loadIPPluginJar : add tracer_emb
2026-09-28 17:52:14,719 [INFO] IPUIPlugin:75 - create IPUIPlugin
2026-09-28 17:52:14,719 [INFO] PluginManager:213 - loadIPPluginJar : add tim
2026-09-28 17:52:14,721 [INFO] IPUIPlugin:75 - create IPUIPlugin
2026-09-28 17:52:14,721 [INFO] PluginManager:213 - loadIPPluginJar : add fmc
2026-09-28 17:52:14,721 [INFO] IPUIPlugin:75 - create IPUIPlugin
2026-09-28 17:52:14,722 [INFO] PluginManager:213 - loadIPPluginJar : add comp
2026-09-28 17:52:14,722 [INFO] IPUIPlugin:75 - create IPUIPlugin
2026-09-28 17:52:14,722 [INFO] PluginManager:213 - loadIPPluginJar : add gfxmmu
2026-09-28 17:52:14,722 [INFO] IPUIPlugin:75 - create IPUIPlugin
2026-09-28 17:52:14,722 [INFO] PluginManager:213 - loadIPPluginJar : add ltdc
2026-09-28 17:52:14,724 [INFO] IPUIPlugin:75 - create IPUIPlugin
2026-09-28 17:52:14,724 [INFO] PluginManager:213 - loadIPPluginJar : add fatfs
2026-09-28 17:52:14,726 [INFO] IPUIPlugin:75 - create IPUIPlugin
2026-09-28 17:52:14,726 [INFO] PluginManager:213 - loadIPPluginJar : add openamp
2026-09-28 17:52:14,728 [INFO] IPUIPlugin:75 - create IPUIPlugin
2026-09-28 17:52:14,728 [INFO] PluginManager:213 - loadIPPluginJar : add aes
2026-09-28 17:52:14,730 [INFO] IPUIPlugin:75 - create IPUIPlugin
2026-09-28 17:52:14,730 [INFO] PluginManager:213 - loadIPPluginJar : add cryp
2026-09-28 17:52:14,732 [INFO] IPUIPlugin:75 - create IPUIPlugin
2026-09-28 17:52:14,732 [INFO] PluginManager:213 - loadIPPluginJar : add dfsdm
2026-09-28 17:52:14,733 [INFO] IPUIPlugin:75 - create IPUIPlugin
2026-09-28 17:52:14,733 [INFO] PluginManager:213 - loadIPPluginJar : add quadspi
2026-09-28 17:52:14,736 [INFO] IPUIPlugin:75 - create IPUIPlugin
2026-09-28 17:52:14,736 [INFO] PluginManager:213 - loadIPPluginJar : add usbx
2026-09-28 17:52:14,738 [INFO] IPUIPlugin:75 - create IPUIPlugin
2026-09-28 17:52:14,738 [INFO] PluginManager:213 - loadIPPluginJar : add opamp
2026-09-28 17:52:14,739 [INFO] IPUIPlugin:75 - create IPUIPlugin
2026-09-28 17:52:14,740 [INFO] PluginManager:213 - loadIPPluginJar : add ts
2026-09-28 17:52:14,741 [INFO] IPUIPlugin:75 - create IPUIPlugin
2026-09-28 17:52:14,742 [INFO] PluginManager:213 - loadIPPluginJar : add gtzc
2026-09-28 17:52:14,746 [INFO] IPUIPlugin:75 - create IPUIPlugin
2026-09-28 17:52:14,747 [INFO] PluginManager:213 - loadIPPluginJar : add freertos
2026-09-28 17:52:14,748 [INFO] IPUIPlugin:75 - create IPUIPlugin
2026-09-28 17:52:14,748 [INFO] PluginManager:213 - loadIPPluginJar : add i2s
2026-09-28 17:52:14,750 [INFO] IPUIPlugin:75 - create IPUIPlugin
2026-09-28 17:52:14,750 [INFO] PluginManager:213 - loadIPPluginJar : add sai
2026-09-28 17:52:14,753 [INFO] IPUIPlugin:75 - create IPUIPlugin
2026-09-28 17:52:14,753 [INFO] PluginManager:213 - loadIPPluginJar : add gpio
2026-09-28 17:52:14,754 [INFO] IPUIPlugin:75 - create IPUIPlugin
2026-09-28 17:52:14,755 [INFO] PluginManager:213 - loadIPPluginJar : add hash
2026-09-28 17:52:14,759 [INFO] IPUIPlugin:75 - create IPUIPlugin
2026-09-28 17:52:14,759 [INFO] PluginManager:213 - loadIPPluginJar : add dma
2026-09-28 17:52:14,764 [INFO] IPUIPlugin:75 - create IPUIPlugin
2026-09-28 17:52:14,764 [INFO] PluginManager:213 - loadIPPluginJar : add mdma
2026-09-28 17:52:14,766 [INFO] IPUIPlugin:75 - create IPUIPlugin
2026-09-28 17:52:14,766 [INFO] PluginManager:213 - loadIPPluginJar : add nvic
2026-09-28 17:52:14,766 [INFO] IPUIPlugin:75 - create IPUIPlugin
2026-09-28 17:52:14,766 [INFO] PluginManager:213 - loadIPPluginJar : add genericplugin
2026-09-28 17:52:14,770 [INFO] IPUIPlugin:75 - create IPUIPlugin
2026-09-28 17:52:14,771 [INFO] PluginManager:213 - loadIPPluginJar : add plateformsettings
2026-09-28 17:52:14,773 [INFO] IPUIPlugin:75 - create IPUIPlugin
2026-09-28 17:52:14,773 [INFO] PluginManager:213 - loadIPPluginJar : add dma3
2026-09-28 17:52:14,976 [FATAL] Updater:297 - Updater called before beeing initialized
2026-09-28 17:52:15,033 [FATAL] Updater:297 - Updater called before beeing initialized
2026-09-28 17:52:15,036 [INFO] DbMcusAds:47 - JSON generation date=Thu Sep 30 09:55:09 MSK 2021 (1632984909247)
2026-09-28 17:52:15,036 [FATAL] Updater:297 - Updater called before beeing initialized
2026-09-28 17:52:15,049 [WARN] DetailPanel:320 - Failed to get advertising image, set to default
2026-09-28 17:52:15,089 [FATAL] Updater:297 - Updater called before beeing initialized
2026-09-28 17:52:15,090 [FATAL] Updater:297 - Updater called before beeing initialized
2026-09-28 17:52:15,090 [FATAL] Updater:297 - Updater called before beeing initialized
2026-09-28 17:52:15,090 [WARN] DetailPanel:320 - Failed to get advertising image, set to default
2026-09-28 17:52:15,090 [FATAL] Updater:297 - Updater called before beeing initialized
2026-09-28 17:52:15,105 [INFO] Updater:1026 - Updater Version found : 6.5.0
2026-09-28 17:52:15,115 [INFO] ApplicationProperties:181 - Using Application install path: /home/rmb/Downloads/stm32cubeide-1.9.0-sandbox/plugins/com.st.stm32cube.common.mx_6.5.0.202202251913
2026-09-28 17:52:15,141 [INFO] MainUpdater:512 - Copy updater definitions from MX database
2026-09-28 17:52:15,154 [INFO] MainUpdater:545 - Copy flag file definitions from MX database
2026-09-28 17:52:15,154 [INFO] MainUpdater:561 - Copy thirdparty index definitions from MX database
2026-09-28 17:52:15,154 [INFO] MainUpdater:580 - Copy default thirdparty db definitions from MX database
2026-09-28 17:52:17,406 [INFO] ThirdPartyUpdaterWithRetryManager:66 - Updater plugin not ready yet. [2/15]
2026-09-28 17:52:17,707 [INFO] MainUpdater:2729 - connection check result : 10
2026-09-28 17:52:17,707 [INFO] MainUpdater:3414 - Updater definition file requires update
2026-09-28 17:52:17,707 [INFO] MainUpdater:276 - Updater Check For Update Now.
2026-09-28 17:52:17,708 [INFO] MicroXplorer:477 - Change Database Version : DB.6.0.50
2026-09-28 17:52:18,360 [INFO] ServerAccessManage:359 - Download File updaters.zip
2026-09-28 17:52:18,636 [INFO] FileExtend:235 - Unzip File : updaters.zip
2026-09-28 17:52:18,636 [INFO] FileExtend:250 - Standard Zip Deflate
2026-09-28 17:52:19,331 [INFO] ServerAccessManage:359 - Download File PacksControlFlags.xml
2026-09-28 17:52:20,124 [INFO] ServerAccessManage:359 - Download File cubemx.pidx
2026-09-28 17:52:20,409 [WARN] MainUpdater:1180 - Updater busy. Cannot search thirdparties
2026-09-28 17:52:20,410 [INFO] ThirdPartyUpdaterWithRetryManager:92 - Updater plugin is busy. [1/15]
2026-09-28 17:52:23,410 [WARN] MainUpdater:1180 - Updater busy. Cannot search thirdparties
2026-09-28 17:52:23,410 [INFO] ThirdPartyUpdaterWithRetryManager:92 - Updater plugin is busy. [2/15]
2026-09-28 17:52:26,410 [WARN] MainUpdater:1180 - Updater busy. Cannot search thirdparties
2026-09-28 17:52:26,410 [INFO] ThirdPartyUpdaterWithRetryManager:92 - Updater plugin is busy. [3/15]
2026-09-28 17:52:27,045 [INFO] ServerAccessManage:359 - Download File STMicroelectronics.FP-ATR-ASTRA1.pdsc
2026-09-28 17:52:29,411 [WARN] MainUpdater:1180 - Updater busy. Cannot search thirdparties
2026-09-28 17:52:29,411 [INFO] ThirdPartyUpdaterWithRetryManager:92 - Updater plugin is busy. [4/15]
2026-09-28 17:52:32,411 [WARN] MainUpdater:1180 - Updater busy. Cannot search thirdparties
2026-09-28 17:52:32,411 [INFO] ThirdPartyUpdaterWithRetryManager:92 - Updater plugin is busy. [5/15]
2026-09-28 17:52:35,411 [WARN] MainUpdater:1180 - Updater busy. Cannot search thirdparties
2026-09-28 17:52:35,411 [INFO] ThirdPartyUpdaterWithRetryManager:92 - Updater plugin is busy. [6/15]
2026-09-28 17:52:36,848 [INFO] ServerAccessManage:359 - Download File STMicroelectronics.FP-ATR-SIGFOX1.pdsc
2026-09-28 17:52:37,729 [INFO] MainUpdater:2729 - connection check result : 10
2026-09-28 17:52:38,412 [WARN] MainUpdater:1180 - Updater busy. Cannot search thirdparties
2026-09-28 17:52:38,412 [INFO] ThirdPartyUpdaterWithRetryManager:92 - Updater plugin is busy. [7/15]
2026-09-28 17:52:39,873 [INFO] ServerAccessManage:359 - Download File STMicroelectronics.FP-SNS-STBOX1.pdsc
2026-09-28 17:52:41,412 [WARN] MainUpdater:1180 - Updater busy. Cannot search thirdparties
2026-09-28 17:52:41,412 [INFO] ThirdPartyUpdaterWithRetryManager:92 - Updater plugin is busy. [8/15]
2026-09-28 17:52:43,865 [INFO] ServerAccessManage:359 - Download File STMicroelectronics.FP-SNS-FLIGHT1.pdsc
2026-09-28 17:52:44,413 [WARN] MainUpdater:1180 - Updater busy. Cannot search thirdparties
2026-09-28 17:52:44,413 [INFO] ThirdPartyUpdaterWithRetryManager:92 - Updater plugin is busy. [9/15]
2026-09-28 17:52:47,413 [WARN] MainUpdater:1180 - Updater busy. Cannot search thirdparties
2026-09-28 17:52:47,413 [INFO] ThirdPartyUpdaterWithRetryManager:92 - Updater plugin is busy. [10/15]
2026-09-28 17:52:50,414 [WARN] MainUpdater:1180 - Updater busy. Cannot search thirdparties
2026-09-28 17:52:50,414 [INFO] ThirdPartyUpdaterWithRetryManager:92 - Updater plugin is busy. [11/15]
2026-09-28 17:52:50,777 [INFO] ServerAccessManage:359 - Download File STMicroelectronics.FP-SNS-MOTENV1.pdsc
2026-09-28 17:52:53,414 [WARN] MainUpdater:1180 - Updater busy. Cannot search thirdparties
2026-09-28 17:52:53,415 [INFO] ThirdPartyUpdaterWithRetryManager:92 - Updater plugin is busy. [12/15]
2026-09-28 17:52:56,415 [WARN] MainUpdater:1180 - Updater busy. Cannot search thirdparties
2026-09-28 17:52:56,415 [INFO] ThirdPartyUpdaterWithRetryManager:92 - Updater plugin is busy. [13/15]
2026-09-28 17:52:59,077 [INFO] ServerAccessManage:359 - Download File STMicroelectronics.FP-SNS-MOTENVWB1.pdsc
2026-09-28 17:52:59,415 [WARN] MainUpdater:1180 - Updater busy. Cannot search thirdparties
2026-09-28 17:52:59,416 [INFO] ThirdPartyUpdaterWithRetryManager:92 - Updater plugin is busy. [14/15]
2026-09-28 17:53:02,416 [WARN] MainUpdater:1180 - Updater busy. Cannot search thirdparties
2026-09-28 17:53:02,416 [INFO] ThirdPartyUpdaterWithRetryManager:92 - Updater plugin is busy. [15/15]
2026-09-28 17:53:02,417 [ERROR] IntegrityCheckThread:124 - Cannot retrieve database content from updater: error -1
2026-09-28 17:53:02,417 [INFO] ThirdParty:925 - Integrity check success = false
2026-09-28 17:53:02,417 [INFO] IntegrityCheckThread:94 - exiting critical section [integrity check]
2026-09-28 17:53:02,417 [INFO] IntegrityCheckThread:97 - End integrity checks thread
2026-09-28 17:53:06,593 [INFO] ServerAccessManage:359 - Download File STMicroelectronics.FP-SNS-SMARTAG2.pdsc
2026-09-28 17:53:09,941 [INFO] ServerAccessManage:359 - Download File STMicroelectronics.FP-SNS-STAIOTCFT.pdsc
2026-09-28 17:53:10,795 [INFO] MainUpdater:2729 - connection check result : 10
2026-09-28 17:53:16,371 [INFO] ServerAccessManage:359 - Download File STMicroelectronics.X-CUBE-AI.pdsc
2026-09-28 17:53:30,872 [INFO] McuFinderGlobals:52 - Set McuFinderConnectedMode to true
2026-09-28 17:53:30,881 [INFO] MultiScanPanel:195 - Auto-refresh data requested => check proxy status ongoing
2026-09-28 17:53:30,885 [INFO] FinderPluginLoader:87 - Searching for filters in installed packs
2026-09-28 17:53:30,933 [INFO] ApiDb:567 - Connected to CubeFinder SQLite database (/home/rmb/.stmcufinder/plugins/mcufinder/mcu/cube-finder-db.db)
2026-09-28 17:53:30,940 [INFO] ApiDb:654 - CubeFinder database Data Model version=2.1
2026-09-28 17:53:30,940 [INFO] ApiDb:655 - CubeFinder database Configuration version=3.0.28
2026-09-28 17:53:30,940 [INFO] ApiDb:656 - CubeFinder database generation date=2022-02-18 (1645170766)
2026-09-28 17:53:30,940 [INFO] ApiDb:657 - CubeFinder database FW Pack versions=[STM32Cube_FW_C0_V1.0.0, STM32Cube_FW_F4_V1.27.0, STM32Cube_FW_F7_V1.16.2, STM32Cube_FW_G0_V1.5.0, STM32Cube_FW_G4_V1.5.0, STM32Cube_FW_H7_V1.10.0, STM32Cube_FW_L5_V1.4.0, STM32Cube_FW_U5_V1.1.0, STM32Cube_FW_WB_V1.13.1, STM32Cube_FW_WL_V1.2.0, X-CUBE-ALGOBUILD_V1.3.0, X-CUBE-ALS_V1.0.1, X-CUBE-AZRTOS-F4_V1.0.0, X-CUBE-AZRTOS-F7_V1.0.0, X-CUBE-AZRTOS-G0_V1.0.0, X-CUBE-AZRTOS-G4_V1.0.0, X-CUBE-AZRTOS-H7_V2.0.0, X-CUBE-AZRTOS-L4_V1.0.0, X-CUBE-AZRTOS-L5_V1.0.0, X-CUBE-AZRTOS-WL_V1.0.0, X-CUBE-BLE1_V6.2.1, X-CUBE-BLE2_V3.2.2, X-CUBE-EEPRMA1_V3.1.0, X-CUBE-GNSS1_V5.2.0, X-CUBE-MEMS1_V9.1.0, X-CUBE-NFC4_V2.0.3, X-CUBE-SFXS2LP1_V3.1.0, X-CUBE-SUBG2_V4.2.0]
2026-09-28 17:53:31,689 [INFO] ApiDb:212 - Found 97 in-development CPN: [NUCLEO-C031C6, STM32C0116-DK, STM32C011D6Y3TR, STM32C011D6Y6TR, STM32C011F4P3, STM32C011F4P6, STM32C011F4U3, STM32C011F4U6TR, STM32C011F6P3, STM32C011F6P6, STM32C011F6U3, STM32C011F6U6TR, STM32C011J4M3, STM32C011J4M6, STM32C011J6M3, STM32C011J6M6, STM32C0316-DK, STM32C031C4T3, STM32C031C4T6, STM32C031C4U3, STM32C031C4U6, STM32C031C6T3, STM32C031C6T6, STM32C031C6U3, STM32C031C6U6, STM32C031F4P3, STM32C031F4P6, STM32C031F6P3, STM32C031F6P6, STM32C031G4U3, STM32C031G4U6, STM32C031G6U3, STM32C031G6U6, STM32C031K4T3, STM32C031K4T6, STM32C031K4U3, STM32C031K4U6, STM32C031K6T3, STM32C031K6T6, STM32C031K6U3, STM32C031K6U6, STM32G071K8TXN, STM32G071K8UXN, STM32G081GBU6N, STM32G081KBT6N, STM32G081KBUXN, STM32G0B1CCT6N, STM32G0B1KCT6, STM32G0B1NEY6, STM32G0B1NEY6TR, STM32G0B1RCT6N, STM32G0C1CCT6, STM32G0C1CCT6N, STM32G0C1CCU6N, STM32G0C1CET6N, STM32G0C1CEU6N, STM32G0C1KCT6, STM32G0C1NEY6TR, STM32G0C1RCI6N, STM32G0C1RCT6N, STM32G0C1REI6N, STM32G0C1RET6N, STM32G0C1VCI6, STM32G0C1VEI6, STM32G471CCT6, STM32G471CCU6, STM32G471CET3, STM32G471CET6, STM32G471CEU3, STM32G471CEU6, STM32G471MCT6, STM32G471MET3, STM32G471MET6, STM32G471MEY6TR, STM32G471QCT6, STM32G471QET3, STM32G471RCT6, STM32G471RET3, STM32G471RET6, STM32G471VCH6, STM32G471VCI6, STM32G471VCT6, STM32G471VEH3, STM32G471VEH6, STM32G471VEI3, STM32G471VEI6, STM32G471VET3, STM32G471VET6, STM32G474CCT6, STM32L4R5QGI6STR, STM32U595ZJT6Q, STM32U599BJY6QTR, STM32U599NIH6Q, STM32U599NJH6Q, STM32U5A5ZJT6Q, STM32U5A9BJY6QTR, STM32U5A9NJH6Q]
2026-09-28 17:53:31,694 [INFO] DbMcus:201 - Found 3458 MCUs, 3458 are supported
2026-09-28 17:53:31,694 [INFO] ApiDb:398 - User favorites file not found: /home/rmb/.stm32cubeide/favorites.mcus.txt
2026-09-28 17:53:31,694 [INFO] DbMcus:207 - Set 0 / 0 favorites MCUs
2026-09-28 17:53:32,249 [ERROR] WebUtils:379 - Updater is busy
2026-09-28 17:53:32,249 [WARN] DetailPanel:320 - Failed to get advertising image, set to default
2026-09-28 17:53:32,467 [INFO] MultiScanPanel:787 - Auto Refresh Data is needed due to updater interval setting
2026-09-28 17:53:32,467 [ERROR] WebUtils:638 - Updater is busy
2026-09-28 17:53:36,111 [INFO] DbMcusAds:47 - JSON generation date=Thu Sep 30 09:55:09 MSK 2021 (1632984909247)
2026-09-28 17:53:36,113 [INFO] ApiDb:432 - Save user favorites file /home/rmb/.stm32cubeide/favorites.mcus.txt: 0 item(s)
2026-09-28 17:53:36,114 [INFO] ApiDb:436 - User favorites MCUs=[]
2026-09-28 17:53:36,114 [INFO] ApiDb:567 - Connected to CubeFinder SQLite database (/home/rmb/.stmcufinder/plugins/mcufinder/mcu/cube-finder-db.db)
2026-09-28 17:53:36,119 [INFO] ApiDb:654 - CubeFinder database Data Model version=2.1
2026-09-28 17:53:36,119 [INFO] ApiDb:655 - CubeFinder database Configuration version=3.0.28
2026-09-28 17:53:36,119 [INFO] ApiDb:656 - CubeFinder database generation date=2022-02-18 (1645170766)
2026-09-28 17:53:36,119 [INFO] ApiDb:657 - CubeFinder database FW Pack versions=[STM32Cube_FW_C0_V1.0.0, STM32Cube_FW_F4_V1.27.0, STM32Cube_FW_F7_V1.16.2, STM32Cube_FW_G0_V1.5.0, STM32Cube_FW_G4_V1.5.0, STM32Cube_FW_H7_V1.10.0, STM32Cube_FW_L5_V1.4.0, STM32Cube_FW_U5_V1.1.0, STM32Cube_FW_WB_V1.13.1, STM32Cube_FW_WL_V1.2.0, X-CUBE-ALGOBUILD_V1.3.0, X-CUBE-ALS_V1.0.1, X-CUBE-AZRTOS-F4_V1.0.0, X-CUBE-AZRTOS-F7_V1.0.0, X-CUBE-AZRTOS-G0_V1.0.0, X-CUBE-AZRTOS-G4_V1.0.0, X-CUBE-AZRTOS-H7_V2.0.0, X-CUBE-AZRTOS-L4_V1.0.0, X-CUBE-AZRTOS-L5_V1.0.0, X-CUBE-AZRTOS-WL_V1.0.0, X-CUBE-BLE1_V6.2.1, X-CUBE-BLE2_V3.2.2, X-CUBE-EEPRMA1_V3.1.0, X-CUBE-GNSS1_V5.2.0, X-CUBE-MEMS1_V9.1.0, X-CUBE-NFC4_V2.0.3, X-CUBE-SFXS2LP1_V3.1.0, X-CUBE-SUBG2_V4.2.0]
2026-09-28 17:53:36,812 [INFO] ApiDb:212 - Found 97 in-development CPN: [NUCLEO-C031C6, STM32C0116-DK, STM32C011D6Y3TR, STM32C011D6Y6TR, STM32C011F4P3, STM32C011F4P6, STM32C011F4U3, STM32C011F4U6TR, STM32C011F6P3, STM32C011F6P6, STM32C011F6U3, STM32C011F6U6TR, STM32C011J4M3, STM32C011J4M6, STM32C011J6M3, STM32C011J6M6, STM32C0316-DK, STM32C031C4T3, STM32C031C4T6, STM32C031C4U3, STM32C031C4U6, STM32C031C6T3, STM32C031C6T6, STM32C031C6U3, STM32C031C6U6, STM32C031F4P3, STM32C031F4P6, STM32C031F6P3, STM32C031F6P6, STM32C031G4U3, STM32C031G4U6, STM32C031G6U3, STM32C031G6U6, STM32C031K4T3, STM32C031K4T6, STM32C031K4U3, STM32C031K4U6, STM32C031K6T3, STM32C031K6T6, STM32C031K6U3, STM32C031K6U6, STM32G071K8TXN, STM32G071K8UXN, STM32G081GBU6N, STM32G081KBT6N, STM32G081KBUXN, STM32G0B1CCT6N, STM32G0B1KCT6, STM32G0B1NEY6, STM32G0B1NEY6TR, STM32G0B1RCT6N, STM32G0C1CCT6, STM32G0C1CCT6N, STM32G0C1CCU6N, STM32G0C1CET6N, STM32G0C1CEU6N, STM32G0C1KCT6, STM32G0C1NEY6TR, STM32G0C1RCI6N, STM32G0C1RCT6N, STM32G0C1REI6N, STM32G0C1RET6N, STM32G0C1VCI6, STM32G0C1VEI6, STM32G471CCT6, STM32G471CCU6, STM32G471CET3, STM32G471CET6, STM32G471CEU3, STM32G471CEU6, STM32G471MCT6, STM32G471MET3, STM32G471MET6, STM32G471MEY6TR, STM32G471QCT6, STM32G471QET3, STM32G471RCT6, STM32G471RET3, STM32G471RET6, STM32G471VCH6, STM32G471VCI6, STM32G471VCT6, STM32G471VEH3, STM32G471VEH6, STM32G471VEI3, STM32G471VEI6, STM32G471VET3, STM32G471VET6, STM32G474CCT6, STM32L4R5QGI6STR, STM32U595ZJT6Q, STM32U599BJY6QTR, STM32U599NIH6Q, STM32U599NJH6Q, STM32U5A5ZJT6Q, STM32U5A9BJY6QTR, STM32U5A9NJH6Q]
2026-09-28 17:53:36,813 [INFO] DbMcus:201 - Found 3458 MCUs, 3458 are supported
2026-09-28 17:53:36,814 [INFO] ApiDb:407 - Load user favorites file /home/rmb/.stm32cubeide/favorites.mcus.txt: 0 item(s)
2026-09-28 17:53:36,814 [INFO] ApiDb:411 - User favorites MCUs=[]
2026-09-28 17:53:36,814 [INFO] DbMcus:207 - Set 0 / 0 favorites MCUs
2026-09-28 17:53:37,062 [ERROR] MultiScanPanel:802 - Unable to refresh data
2026-09-28 17:53:37,064 [INFO] ApiDb:654 - CubeFinder database Data Model version=2.1
2026-09-28 17:53:37,064 [INFO] ApiDb:655 - CubeFinder database Configuration version=3.0.28
2026-09-28 17:53:37,064 [INFO] ApiDb:656 - CubeFinder database generation date=2022-02-18 (1645170766)
2026-09-28 17:53:37,064 [INFO] ApiDb:657 - CubeFinder database FW Pack versions=[STM32Cube_FW_C0_V1.0.0, STM32Cube_FW_F4_V1.27.0, STM32Cube_FW_F7_V1.16.2, STM32Cube_FW_G0_V1.5.0, STM32Cube_FW_G4_V1.5.0, STM32Cube_FW_H7_V1.10.0, STM32Cube_FW_L5_V1.4.0, STM32Cube_FW_U5_V1.1.0, STM32Cube_FW_WB_V1.13.1, STM32Cube_FW_WL_V1.2.0, X-CUBE-ALGOBUILD_V1.3.0, X-CUBE-ALS_V1.0.1, X-CUBE-AZRTOS-F4_V1.0.0, X-CUBE-AZRTOS-F7_V1.0.0, X-CUBE-AZRTOS-G0_V1.0.0, X-CUBE-AZRTOS-G4_V1.0.0, X-CUBE-AZRTOS-H7_V2.0.0, X-CUBE-AZRTOS-L4_V1.0.0, X-CUBE-AZRTOS-L5_V1.0.0, X-CUBE-AZRTOS-WL_V1.0.0, X-CUBE-BLE1_V6.2.1, X-CUBE-BLE2_V3.2.2, X-CUBE-EEPRMA1_V3.1.0, X-CUBE-GNSS1_V5.2.0, X-CUBE-MEMS1_V9.1.0, X-CUBE-NFC4_V2.0.3, X-CUBE-SFXS2LP1_V3.1.0, X-CUBE-SUBG2_V4.2.0]
2026-09-28 17:53:37,085 [INFO] DbBoardsSqlite:220 - include board P-NUCLEO-WB55-NUCLEO as a kit item of type 'Nucleo-64'
2026-09-28 17:53:37,086 [INFO] DbBoardsSqlite:220 - include board P-NUCLEO-WB55-USBDONGLE as a kit item of type 'Nucleo USB Dongle'
2026-09-28 17:53:37,086 [INFO] DbBoardsSqlite:220 - include board STEVAL-IDP005V1 as a kit item of type 'Evaluation Board'
2026-09-28 17:53:37,086 [INFO] DbBoardsSqlite:220 - include board STEVAL-IDP005V2 as a kit item of type 'Evaluation Board'
2026-09-28 17:53:37,088 [INFO] ApiDb:212 - Found 97 in-development CPN: [NUCLEO-C031C6, STM32C0116-DK, STM32C011D6Y3TR, STM32C011D6Y6TR, STM32C011F4P3, STM32C011F4P6, STM32C011F4U3, STM32C011F4U6TR, STM32C011F6P3, STM32C011F6P6, STM32C011F6U3, STM32C011F6U6TR, STM32C011J4M3, STM32C011J4M6, STM32C011J6M3, STM32C011J6M6, STM32C0316-DK, STM32C031C4T3, STM32C031C4T6, STM32C031C4U3, STM32C031C4U6, STM32C031C6T3, STM32C031C6T6, STM32C031C6U3, STM32C031C6U6, STM32C031F4P3, STM32C031F4P6, STM32C031F6P3, STM32C031F6P6, STM32C031G4U3, STM32C031G4U6, STM32C031G6U3, STM32C031G6U6, STM32C031K4T3, STM32C031K4T6, STM32C031K4U3, STM32C031K4U6, STM32C031K6T3, STM32C031K6T6, STM32C031K6U3, STM32C031K6U6, STM32G071K8TXN, STM32G071K8UXN, STM32G081GBU6N, STM32G081KBT6N, STM32G081KBUXN, STM32G0B1CCT6N, STM32G0B1KCT6, STM32G0B1NEY6, STM32G0B1NEY6TR, STM32G0B1RCT6N, STM32G0C1CCT6, STM32G0C1CCT6N, STM32G0C1CCU6N, STM32G0C1CET6N, STM32G0C1CEU6N, STM32G0C1KCT6, STM32G0C1NEY6TR, STM32G0C1RCI6N, STM32G0C1RCT6N, STM32G0C1REI6N, STM32G0C1RET6N, STM32G0C1VCI6, STM32G0C1VEI6, STM32G471CCT6, STM32G471CCU6, STM32G471CET3, STM32G471CET6, STM32G471CEU3, STM32G471CEU6, STM32G471MCT6, STM32G471MET3, STM32G471MET6, STM32G471MEY6TR, STM32G471QCT6, STM32G471QET3, STM32G471RCT6, STM32G471RET3, STM32G471RET6, STM32G471VCH6, STM32G471VCI6, STM32G471VCT6, STM32G471VEH3, STM32G471VEH6, STM32G471VEI3, STM32G471VEI6, STM32G471VET3, STM32G471VET6, STM32G474CCT6, STM32L4R5QGI6STR, STM32U595ZJT6Q, STM32U599BJY6QTR, STM32U599NIH6Q, STM32U599NJH6Q, STM32U5A5ZJT6Q, STM32U5A9BJY6QTR, STM32U5A9NJH6Q]
2026-09-28 17:53:37,091 [INFO] BoardInfo:872 - No configuration file found for board B-G431B-ESC1
2026-09-28 17:53:37,091 [INFO] DbBoards:144 - Board is not supported: B-G431B-ESC1
2026-09-28 17:53:37,094 [INFO] BoardInfo:872 - No configuration file found for board I-NUCLEO-LRWAN1
2026-09-28 17:53:37,095 [INFO] DbBoards:144 - Board is not supported: I-NUCLEO-LRWAN1
2026-09-28 17:53:37,117 [INFO] BoardInfo:872 - No configuration file found for board P-NUCLEO-WB55
2026-09-28 17:53:37,117 [INFO] DbBoards:144 - Kit is not supported: P-NUCLEO-WB55
2026-09-28 17:53:37,118 [INFO] BoardInfo:872 - No configuration file found for board STEVAL-BFA001V1B
2026-09-28 17:53:37,118 [INFO] DbBoards:144 - Kit is not supported: STEVAL-BFA001V1B
2026-09-28 17:53:37,118 [INFO] BoardInfo:872 - No configuration file found for board STEVAL-BFA001V2B
2026-09-28 17:53:37,118 [INFO] DbBoards:144 - Kit is not supported: STEVAL-BFA001V2B
2026-09-28 17:53:37,158 [INFO] DbBoards:148 - Found 174 boards, 169 are supported
2026-09-28 17:53:37,160 [INFO] ApiDb:398 - User favorites file not found: /home/rmb/.stm32cubeide/favorites.boards.txt
2026-09-28 17:53:37,160 [INFO] DbBoards:174 - Set 0 / 0 favorites Boards
2026-09-28 17:53:57,349 [INFO] MainUpdater:2729 - connection check result : 10
2026-09-28 17:54:00,980 [INFO] ServerAccessManage:359 - Download File STMicroelectronics.X-CUBE-ALS.pdsc
2026-09-28 17:54:06,718 [ERROR] ServerAccessManage:1058 - Problem during Server Connexion :  IO error Connection reset
2026-09-28 17:54:06,719 [ERROR] ServerAccessManage:1062 - Exception trace: 
javax.net.ssl.SSLException: Connection reset
	at java.base/sun.security.ssl.Alert.createSSLException(Alert.java:127)
	at java.base/sun.security.ssl.TransportContext.fatal(TransportContext.java:349)
	at java.base/sun.security.ssl.TransportContext.fatal(TransportContext.java:292)
	at java.base/sun.security.ssl.TransportContext.fatal(TransportContext.java:287)
	at java.base/sun.security.ssl.SSLTransport.decode(SSLTransport.java:144)
	at java.base/sun.security.ssl.SSLSocketImpl.decode(SSLSocketImpl.java:1418)
	at java.base/sun.security.ssl.SSLSocketImpl.readHandshakeRecord(SSLSocketImpl.java:1324)
	at java.base/sun.security.ssl.SSLSocketImpl.startHandshake(SSLSocketImpl.java:440)
	at java.base/sun.security.ssl.SSLSocketImpl.startHandshake(SSLSocketImpl.java:411)
	at java.base/sun.net.www.protocol.https.HttpsClient.afterConnect(HttpsClient.java:567)
	at java.base/sun.net.www.protocol.https.AbstractDelegateHttpsURLConnection.setNewClient(AbstractDelegateHttpsURLConnection.java:106)
	at java.base/sun.net.www.protocol.https.AbstractDelegateHttpsURLConnection.setNewClient(AbstractDelegateHttpsURLConnection.java:80)
	at java.base/sun.net.www.protocol.http.HttpURLConnection.writeRequests(HttpURLConnection.java:724)
	at java.base/sun.net.www.protocol.http.HttpURLConnection.getInputStream0(HttpURLConnection.java:1613)
	at java.base/sun.net.www.protocol.http.HttpURLConnection.getInputStream(HttpURLConnection.java:1520)
	at java.base/java.net.HttpURLConnection.getResponseCode(HttpURLConnection.java:527)
	at java.base/sun.net.www.protocol.https.HttpsURLConnectionImpl.getResponseCode(HttpsURLConnectionImpl.java:334)
	at com.st.microxplorer.plugins.updater.engine.ServerAccessManage.openHttpConnexion(ServerAccessManage.java:919)
	at com.st.microxplorer.plugins.updater.engine.ServerAccessManage.openHttpConnexion(ServerAccessManage.java:960)
	at com.st.microxplorer.plugins.updater.engine.ServerAccessManage.getHttpFileSize(ServerAccessManage.java:592)
	at com.st.microxplorer.plugins.updater.engine.LoadServerUpdatesThread.addUpdaterFile(LoadServerUpdatesThread.java:1348)
	at com.st.microxplorer.plugins.updater.engine.LoadServerUpdatesThread.processPackIndexEntries(LoadServerUpdatesThread.java:1153)
	at com.st.microxplorer.plugins.updater.engine.LoadServerUpdatesThread.processThirdPartyUpdaterIndexUrls(LoadServerUpdatesThread.java:1097)
	at com.st.microxplorer.plugins.updater.engine.LoadServerUpdatesThread.processThirdParties(LoadServerUpdatesThread.java:862)
	at com.st.microxplorer.plugins.updater.engine.LoadServerUpdatesThread.performFullUpdate(LoadServerUpdatesThread.java:448)
	at com.st.microxplorer.plugins.updater.engine.LoadServerUpdatesThread.run(LoadServerUpdatesThread.java:307)
	Suppressed: java.net.SocketException: Broken pipe (Write failed)
		at java.base/java.net.SocketOutputStream.socketWrite0(Native Method)
		at java.base/java.net.SocketOutputStream.socketWrite(SocketOutputStream.java:110)
		at java.base/java.net.SocketOutputStream.write(SocketOutputStream.java:150)
		at java.base/sun.security.ssl.SSLSocketOutputRecord.encodeAlert(SSLSocketOutputRecord.java:81)
		at java.base/sun.security.ssl.TransportContext.fatal(TransportContext.java:380)
		... 24 more
Caused by: java.net.SocketException: Connection reset
	at java.base/java.net.SocketInputStream.read(SocketInputStream.java:186)
	at java.base/java.net.SocketInputStream.read(SocketInputStream.java:140)
	at java.base/sun.security.ssl.SSLSocketInputRecord.read(SSLSocketInputRecord.java:478)
	at java.base/sun.security.ssl.SSLSocketInputRecord.readHeader(SSLSocketInputRecord.java:472)
	at java.base/sun.security.ssl.SSLSocketInputRecord.decode(SSLSocketInputRecord.java:160)
	at java.base/sun.security.ssl.SSLTransport.decode(SSLTransport.java:110)
	... 21 more
2026-09-28 17:54:13,270 [ERROR] ServerAccessManage:1058 - Problem during Server Connexion :  IO error Connection reset
2026-09-28 17:54:13,270 [ERROR] ServerAccessManage:1062 - Exception trace: 
javax.net.ssl.SSLException: Connection reset
	at java.base/sun.security.ssl.Alert.createSSLException(Alert.java:127)
	at java.base/sun.security.ssl.TransportContext.fatal(TransportContext.java:349)
	at java.base/sun.security.ssl.TransportContext.fatal(TransportContext.java:292)
	at java.base/sun.security.ssl.TransportContext.fatal(TransportContext.java:287)
	at java.base/sun.security.ssl.SSLTransport.decode(SSLTransport.java:144)
	at java.base/sun.security.ssl.SSLSocketImpl.decode(SSLSocketImpl.java:1418)
	at java.base/sun.security.ssl.SSLSocketImpl.readHandshakeRecord(SSLSocketImpl.java:1324)
	at java.base/sun.security.ssl.SSLSocketImpl.startHandshake(SSLSocketImpl.java:440)
	at java.base/sun.security.ssl.SSLSocketImpl.startHandshake(SSLSocketImpl.java:411)
	at java.base/sun.net.www.protocol.https.HttpsClient.afterConnect(HttpsClient.java:567)
	at java.base/sun.net.www.protocol.https.AbstractDelegateHttpsURLConnection.connect(AbstractDelegateHttpsURLConnection.java:197)
	at java.base/sun.net.www.protocol.http.HttpURLConnection.getInputStream0(HttpURLConnection.java:1592)
	at java.base/sun.net.www.protocol.http.HttpURLConnection.getInputStream(HttpURLConnection.java:1520)
	at java.base/java.net.HttpURLConnection.getResponseCode(HttpURLConnection.java:527)
	at java.base/sun.net.www.protocol.https.HttpsURLConnectionImpl.getResponseCode(HttpsURLConnectionImpl.java:334)
	at com.st.microxplorer.plugins.updater.engine.ServerAccessManage.openHttpConnexion(ServerAccessManage.java:919)
	at com.st.microxplorer.plugins.updater.engine.ServerAccessManage.openHttpConnexion(ServerAccessManage.java:960)
	at com.st.microxplorer.plugins.updater.engine.ServerAccessManage.getHttpFileSize(ServerAccessManage.java:592)
	at com.st.microxplorer.plugins.updater.engine.LoadServerUpdatesThread.addUpdaterFile(LoadServerUpdatesThread.java:1348)
	at com.st.microxplorer.plugins.updater.engine.LoadServerUpdatesThread.processPackIndexEntries(LoadServerUpdatesThread.java:1153)
	at com.st.microxplorer.plugins.updater.engine.LoadServerUpdatesThread.processThirdPartyUpdaterIndexUrls(LoadServerUpdatesThread.java:1097)
	at com.st.microxplorer.plugins.updater.engine.LoadServerUpdatesThread.processThirdParties(LoadServerUpdatesThread.java:862)
	at com.st.microxplorer.plugins.updater.engine.LoadServerUpdatesThread.performFullUpdate(LoadServerUpdatesThread.java:448)
	at com.st.microxplorer.plugins.updater.engine.LoadServerUpdatesThread.run(LoadServerUpdatesThread.java:307)
	Suppressed: java.net.SocketException: Broken pipe (Write failed)
		at java.base/java.net.SocketOutputStream.socketWrite0(Native Method)
		at java.base/java.net.SocketOutputStream.socketWrite(SocketOutputStream.java:110)
		at java.base/java.net.SocketOutputStream.write(SocketOutputStream.java:150)
		at java.base/sun.security.ssl.SSLSocketOutputRecord.encodeAlert(SSLSocketOutputRecord.java:81)
		at java.base/sun.security.ssl.TransportContext.fatal(TransportContext.java:380)
		... 22 more
Caused by: java.net.SocketException: Connection reset
	at java.base/java.net.SocketInputStream.read(SocketInputStream.java:186)
	at java.base/java.net.SocketInputStream.read(SocketInputStream.java:140)
	at java.base/sun.security.ssl.SSLSocketInputRecord.read(SSLSocketInputRecord.java:478)
	at java.base/sun.security.ssl.SSLSocketInputRecord.readHeader(SSLSocketInputRecord.java:472)
	at java.base/sun.security.ssl.SSLSocketInputRecord.decode(SSLSocketInputRecord.java:160)
	at java.base/sun.security.ssl.SSLTransport.decode(SSLTransport.java:110)
	... 19 more
2026-09-28 17:54:17,365 [INFO] McuFinderGlobals:52 - Set McuFinderConnectedMode to true
2026-09-28 17:54:17,366 [INFO] MultiScanPanel:195 - Auto-refresh data requested => check proxy status ongoing
2026-09-28 17:54:17,366 [INFO] FinderPluginLoader:87 - Searching for filters in installed packs
2026-09-28 17:54:17,643 [ERROR] WebUtils:379 - Updater is busy
2026-09-28 17:54:17,643 [WARN] DetailPanel:320 - Failed to get advertising image, set to default
2026-09-28 17:54:17,795 [INFO] MultiScanPanel:787 - Auto Refresh Data is needed due to updater interval setting
2026-09-28 17:54:17,796 [ERROR] WebUtils:638 - Updater is busy
2026-09-28 17:54:20,418 [ERROR] ServerAccessManage:1058 - Problem during Server Connexion :  IO error Connection reset
2026-09-28 17:54:20,419 [ERROR] ServerAccessManage:1062 - Exception trace: 
javax.net.ssl.SSLException: Connection reset
	at java.base/sun.security.ssl.Alert.createSSLException(Alert.java:127)
	at java.base/sun.security.ssl.TransportContext.fatal(TransportContext.java:349)
	at java.base/sun.security.ssl.TransportContext.fatal(TransportContext.java:292)
	at java.base/sun.security.ssl.TransportContext.fatal(TransportContext.java:287)
	at java.base/sun.security.ssl.SSLTransport.decode(SSLTransport.java:144)
	at java.base/sun.security.ssl.SSLSocketImpl.decode(SSLSocketImpl.java:1418)
	at java.base/sun.security.ssl.SSLSocketImpl.readHandshakeRecord(SSLSocketImpl.java:1324)
	at java.base/sun.security.ssl.SSLSocketImpl.startHandshake(SSLSocketImpl.java:440)
	at java.base/sun.security.ssl.SSLSocketImpl.startHandshake(SSLSocketImpl.java:411)
	at java.base/sun.net.www.protocol.https.HttpsClient.afterConnect(HttpsClient.java:567)
	at java.base/sun.net.www.protocol.https.AbstractDelegateHttpsURLConnection.connect(AbstractDelegateHttpsURLConnection.java:197)
	at java.base/sun.net.www.protocol.http.HttpURLConnection.getInputStream0(HttpURLConnection.java:1592)
	at java.base/sun.net.www.protocol.http.HttpURLConnection.getInputStream(HttpURLConnection.java:1520)
	at java.base/java.net.HttpURLConnection.getResponseCode(HttpURLConnection.java:527)
	at java.base/sun.net.www.protocol.https.HttpsURLConnectionImpl.getResponseCode(HttpsURLConnectionImpl.java:334)
	at com.st.microxplorer.plugins.updater.engine.ServerAccessManage.openHttpConnexion(ServerAccessManage.java:919)
	at com.st.microxplorer.plugins.updater.engine.ServerAccessManage.openHttpConnexion(ServerAccessManage.java:960)
	at com.st.microxplorer.plugins.updater.engine.ServerAccessManage.getHttpFileSize(ServerAccessManage.java:592)
	at com.st.microxplorer.plugins.updater.engine.LoadServerUpdatesThread.addUpdaterFile(LoadServerUpdatesThread.java:1348)
	at com.st.microxplorer.plugins.updater.engine.LoadServerUpdatesThread.processPackIndexEntries(LoadServerUpdatesThread.java:1153)
	at com.st.microxplorer.plugins.updater.engine.LoadServerUpdatesThread.processThirdPartyUpdaterIndexUrls(LoadServerUpdatesThread.java:1097)
	at com.st.microxplorer.plugins.updater.engine.LoadServerUpdatesThread.processThirdParties(LoadServerUpdatesThread.java:862)
	at com.st.microxplorer.plugins.updater.engine.LoadServerUpdatesThread.performFullUpdate(LoadServerUpdatesThread.java:448)
	at com.st.microxplorer.plugins.updater.engine.LoadServerUpdatesThread.run(LoadServerUpdatesThread.java:307)
	Suppressed: java.net.SocketException: Broken pipe (Write failed)
		at java.base/java.net.SocketOutputStream.socketWrite0(Native Method)
		at java.base/java.net.SocketOutputStream.socketWrite(SocketOutputStream.java:110)
		at java.base/java.net.SocketOutputStream.write(SocketOutputStream.java:150)
		at java.base/sun.security.ssl.SSLSocketOutputRecord.encodeAlert(SSLSocketOutputRecord.java:81)
		at java.base/sun.security.ssl.TransportContext.fatal(TransportContext.java:380)
		... 22 more
Caused by: java.net.SocketException: Connection reset
	at java.base/java.net.SocketInputStream.read(SocketInputStream.java:186)
	at java.base/java.net.SocketInputStream.read(SocketInputStream.java:140)
	at java.base/sun.security.ssl.SSLSocketInputRecord.read(SSLSocketInputRecord.java:478)
	at java.base/sun.security.ssl.SSLSocketInputRecord.readHeader(SSLSocketInputRecord.java:472)
	at java.base/sun.security.ssl.SSLSocketInputRecord.decode(SSLSocketInputRecord.java:160)
	at java.base/sun.security.ssl.SSLTransport.decode(SSLTransport.java:110)
	... 19 more
2026-09-28 17:54:20,910 [INFO] DbMcusAds:47 - JSON generation date=Thu Sep 30 09:55:09 MSK 2021 (1632984909247)
2026-09-28 17:54:20,911 [INFO] ApiDb:432 - Save user favorites file /home/rmb/.stm32cubeide/favorites.mcus.txt: 0 item(s)
2026-09-28 17:54:20,911 [INFO] ApiDb:436 - User favorites MCUs=[]
2026-09-28 17:54:20,911 [INFO] ApiDb:567 - Connected to CubeFinder SQLite database (/home/rmb/.stmcufinder/plugins/mcufinder/mcu/cube-finder-db.db)
2026-09-28 17:54:20,916 [INFO] ApiDb:654 - CubeFinder database Data Model version=2.1
2026-09-28 17:54:20,917 [INFO] ApiDb:655 - CubeFinder database Configuration version=3.0.28
2026-09-28 17:54:20,917 [INFO] ApiDb:656 - CubeFinder database generation date=2022-02-18 (1645170766)
2026-09-28 17:54:20,917 [INFO] ApiDb:657 - CubeFinder database FW Pack versions=[STM32Cube_FW_C0_V1.0.0, STM32Cube_FW_F4_V1.27.0, STM32Cube_FW_F7_V1.16.2, STM32Cube_FW_G0_V1.5.0, STM32Cube_FW_G4_V1.5.0, STM32Cube_FW_H7_V1.10.0, STM32Cube_FW_L5_V1.4.0, STM32Cube_FW_U5_V1.1.0, STM32Cube_FW_WB_V1.13.1, STM32Cube_FW_WL_V1.2.0, X-CUBE-ALGOBUILD_V1.3.0, X-CUBE-ALS_V1.0.1, X-CUBE-AZRTOS-F4_V1.0.0, X-CUBE-AZRTOS-F7_V1.0.0, X-CUBE-AZRTOS-G0_V1.0.0, X-CUBE-AZRTOS-G4_V1.0.0, X-CUBE-AZRTOS-H7_V2.0.0, X-CUBE-AZRTOS-L4_V1.0.0, X-CUBE-AZRTOS-L5_V1.0.0, X-CUBE-AZRTOS-WL_V1.0.0, X-CUBE-BLE1_V6.2.1, X-CUBE-BLE2_V3.2.2, X-CUBE-EEPRMA1_V3.1.0, X-CUBE-GNSS1_V5.2.0, X-CUBE-MEMS1_V9.1.0, X-CUBE-NFC4_V2.0.3, X-CUBE-SFXS2LP1_V3.1.0, X-CUBE-SUBG2_V4.2.0]
2026-09-28 17:54:21,624 [INFO] ApiDb:212 - Found 97 in-development CPN: [NUCLEO-C031C6, STM32C0116-DK, STM32C011D6Y3TR, STM32C011D6Y6TR, STM32C011F4P3, STM32C011F4P6, STM32C011F4U3, STM32C011F4U6TR, STM32C011F6P3, STM32C011F6P6, STM32C011F6U3, STM32C011F6U6TR, STM32C011J4M3, STM32C011J4M6, STM32C011J6M3, STM32C011J6M6, STM32C0316-DK, STM32C031C4T3, STM32C031C4T6, STM32C031C4U3, STM32C031C4U6, STM32C031C6T3, STM32C031C6T6, STM32C031C6U3, STM32C031C6U6, STM32C031F4P3, STM32C031F4P6, STM32C031F6P3, STM32C031F6P6, STM32C031G4U3, STM32C031G4U6, STM32C031G6U3, STM32C031G6U6, STM32C031K4T3, STM32C031K4T6, STM32C031K4U3, STM32C031K4U6, STM32C031K6T3, STM32C031K6T6, STM32C031K6U3, STM32C031K6U6, STM32G071K8TXN, STM32G071K8UXN, STM32G081GBU6N, STM32G081KBT6N, STM32G081KBUXN, STM32G0B1CCT6N, STM32G0B1KCT6, STM32G0B1NEY6, STM32G0B1NEY6TR, STM32G0B1RCT6N, STM32G0C1CCT6, STM32G0C1CCT6N, STM32G0C1CCU6N, STM32G0C1CET6N, STM32G0C1CEU6N, STM32G0C1KCT6, STM32G0C1NEY6TR, STM32G0C1RCI6N, STM32G0C1RCT6N, STM32G0C1REI6N, STM32G0C1RET6N, STM32G0C1VCI6, STM32G0C1VEI6, STM32G471CCT6, STM32G471CCU6, STM32G471CET3, STM32G471CET6, STM32G471CEU3, STM32G471CEU6, STM32G471MCT6, STM32G471MET3, STM32G471MET6, STM32G471MEY6TR, STM32G471QCT6, STM32G471QET3, STM32G471RCT6, STM32G471RET3, STM32G471RET6, STM32G471VCH6, STM32G471VCI6, STM32G471VCT6, STM32G471VEH3, STM32G471VEH6, STM32G471VEI3, STM32G471VEI6, STM32G471VET3, STM32G471VET6, STM32G474CCT6, STM32L4R5QGI6STR, STM32U595ZJT6Q, STM32U599BJY6QTR, STM32U599NIH6Q, STM32U599NJH6Q, STM32U5A5ZJT6Q, STM32U5A9BJY6QTR, STM32U5A9NJH6Q]
2026-09-28 17:54:21,625 [INFO] DbMcus:201 - Found 3458 MCUs, 3458 are supported
2026-09-28 17:54:21,625 [INFO] ApiDb:407 - Load user favorites file /home/rmb/.stm32cubeide/favorites.mcus.txt: 0 item(s)
2026-09-28 17:54:21,625 [INFO] ApiDb:411 - User favorites MCUs=[]
2026-09-28 17:54:21,625 [INFO] DbMcus:207 - Set 0 / 0 favorites MCUs
2026-09-28 17:54:21,783 [INFO] ApiDb:432 - Save user favorites file /home/rmb/.stm32cubeide/favorites.boards.txt: 0 item(s)
2026-09-28 17:54:21,784 [INFO] ApiDb:436 - User favorites Boards=[]
2026-09-28 17:54:21,784 [INFO] ApiDb:567 - Connected to CubeFinder SQLite database (/home/rmb/.stmcufinder/plugins/mcufinder/mcu/cube-finder-db.db)
2026-09-28 17:54:21,788 [INFO] ApiDb:654 - CubeFinder database Data Model version=2.1
2026-09-28 17:54:21,789 [INFO] ApiDb:655 - CubeFinder database Configuration version=3.0.28
2026-09-28 17:54:21,789 [INFO] ApiDb:656 - CubeFinder database generation date=2022-02-18 (1645170766)
2026-09-28 17:54:21,789 [INFO] ApiDb:657 - CubeFinder database FW Pack versions=[STM32Cube_FW_C0_V1.0.0, STM32Cube_FW_F4_V1.27.0, STM32Cube_FW_F7_V1.16.2, STM32Cube_FW_G0_V1.5.0, STM32Cube_FW_G4_V1.5.0, STM32Cube_FW_H7_V1.10.0, STM32Cube_FW_L5_V1.4.0, STM32Cube_FW_U5_V1.1.0, STM32Cube_FW_WB_V1.13.1, STM32Cube_FW_WL_V1.2.0, X-CUBE-ALGOBUILD_V1.3.0, X-CUBE-ALS_V1.0.1, X-CUBE-AZRTOS-F4_V1.0.0, X-CUBE-AZRTOS-F7_V1.0.0, X-CUBE-AZRTOS-G0_V1.0.0, X-CUBE-AZRTOS-G4_V1.0.0, X-CUBE-AZRTOS-H7_V2.0.0, X-CUBE-AZRTOS-L4_V1.0.0, X-CUBE-AZRTOS-L5_V1.0.0, X-CUBE-AZRTOS-WL_V1.0.0, X-CUBE-BLE1_V6.2.1, X-CUBE-BLE2_V3.2.2, X-CUBE-EEPRMA1_V3.1.0, X-CUBE-GNSS1_V5.2.0, X-CUBE-MEMS1_V9.1.0, X-CUBE-NFC4_V2.0.3, X-CUBE-SFXS2LP1_V3.1.0, X-CUBE-SUBG2_V4.2.0]
2026-09-28 17:54:21,808 [INFO] DbBoardsSqlite:220 - include board P-NUCLEO-WB55-NUCLEO as a kit item of type 'Nucleo-64'
2026-09-28 17:54:21,809 [INFO] DbBoardsSqlite:220 - include board P-NUCLEO-WB55-USBDONGLE as a kit item of type 'Nucleo USB Dongle'
2026-09-28 17:54:21,809 [INFO] DbBoardsSqlite:220 - include board STEVAL-IDP005V1 as a kit item of type 'Evaluation Board'
2026-09-28 17:54:21,809 [INFO] DbBoardsSqlite:220 - include board STEVAL-IDP005V2 as a kit item of type 'Evaluation Board'
2026-09-28 17:54:21,811 [INFO] ApiDb:212 - Found 97 in-development CPN: [NUCLEO-C031C6, STM32C0116-DK, STM32C011D6Y3TR, STM32C011D6Y6TR, STM32C011F4P3, STM32C011F4P6, STM32C011F4U3, STM32C011F4U6TR, STM32C011F6P3, STM32C011F6P6, STM32C011F6U3, STM32C011F6U6TR, STM32C011J4M3, STM32C011J4M6, STM32C011J6M3, STM32C011J6M6, STM32C0316-DK, STM32C031C4T3, STM32C031C4T6, STM32C031C4U3, STM32C031C4U6, STM32C031C6T3, STM32C031C6T6, STM32C031C6U3, STM32C031C6U6, STM32C031F4P3, STM32C031F4P6, STM32C031F6P3, STM32C031F6P6, STM32C031G4U3, STM32C031G4U6, STM32C031G6U3, STM32C031G6U6, STM32C031K4T3, STM32C031K4T6, STM32C031K4U3, STM32C031K4U6, STM32C031K6T3, STM32C031K6T6, STM32C031K6U3, STM32C031K6U6, STM32G071K8TXN, STM32G071K8UXN, STM32G081GBU6N, STM32G081KBT6N, STM32G081KBUXN, STM32G0B1CCT6N, STM32G0B1KCT6, STM32G0B1NEY6, STM32G0B1NEY6TR, STM32G0B1RCT6N, STM32G0C1CCT6, STM32G0C1CCT6N, STM32G0C1CCU6N, STM32G0C1CET6N, STM32G0C1CEU6N, STM32G0C1KCT6, STM32G0C1NEY6TR, STM32G0C1RCI6N, STM32G0C1RCT6N, STM32G0C1REI6N, STM32G0C1RET6N, STM32G0C1VCI6, STM32G0C1VEI6, STM32G471CCT6, STM32G471CCU6, STM32G471CET3, STM32G471CET6, STM32G471CEU3, STM32G471CEU6, STM32G471MCT6, STM32G471MET3, STM32G471MET6, STM32G471MEY6TR, STM32G471QCT6, STM32G471QET3, STM32G471RCT6, STM32G471RET3, STM32G471RET6, STM32G471VCH6, STM32G471VCI6, STM32G471VCT6, STM32G471VEH3, STM32G471VEH6, STM32G471VEI3, STM32G471VEI6, STM32G471VET3, STM32G471VET6, STM32G474CCT6, STM32L4R5QGI6STR, STM32U595ZJT6Q, STM32U599BJY6QTR, STM32U599NIH6Q, STM32U599NJH6Q, STM32U5A5ZJT6Q, STM32U5A9BJY6QTR, STM32U5A9NJH6Q]
2026-09-28 17:54:21,812 [INFO] BoardInfo:872 - No configuration file found for board B-G431B-ESC1
2026-09-28 17:54:21,812 [INFO] DbBoards:144 - Board is not supported: B-G431B-ESC1
2026-09-28 17:54:21,815 [INFO] BoardInfo:872 - No configuration file found for board I-NUCLEO-LRWAN1
2026-09-28 17:54:21,815 [INFO] DbBoards:144 - Board is not supported: I-NUCLEO-LRWAN1
2026-09-28 17:54:21,837 [INFO] BoardInfo:872 - No configuration file found for board P-NUCLEO-WB55
2026-09-28 17:54:21,837 [INFO] DbBoards:144 - Kit is not supported: P-NUCLEO-WB55
2026-09-28 17:54:21,838 [INFO] BoardInfo:872 - No configuration file found for board STEVAL-BFA001V1B
2026-09-28 17:54:21,838 [INFO] DbBoards:144 - Kit is not supported: STEVAL-BFA001V1B
2026-09-28 17:54:21,838 [INFO] BoardInfo:872 - No configuration file found for board STEVAL-BFA001V2B
2026-09-28 17:54:21,838 [INFO] DbBoards:144 - Kit is not supported: STEVAL-BFA001V2B
2026-09-28 17:54:21,875 [INFO] DbBoards:148 - Found 174 boards, 169 are supported
2026-09-28 17:54:21,877 [INFO] ApiDb:407 - Load user favorites file /home/rmb/.stm32cubeide/favorites.boards.txt: 0 item(s)
2026-09-28 17:54:21,877 [INFO] ApiDb:411 - User favorites Boards=[]
2026-09-28 17:54:21,877 [INFO] DbBoards:174 - Set 0 / 0 favorites Boards
2026-09-28 17:54:22,072 [ERROR] MultiScanPanel:802 - Unable to refresh data
2026-09-28 17:55:10,464 [WARN] ServerAccessManage:1054 - Warning during Server Connexion :  timeout connect timed out
2026-09-28 17:55:11,931 [INFO] MultiScanPanel:195 - Auto-refresh data requested => check proxy status ongoing
2026-09-28 17:55:11,983 [ERROR] WebUtils:379 - Updater is busy
2026-09-28 17:55:11,983 [WARN] DetailPanel:320 - Failed to get advertising image, set to default
2026-09-28 17:55:11,989 [INFO] DbBoards:259 - Loading board mini-images...
2026-09-28 17:55:12,131 [ERROR] DbBoards:279 - No image file defined for board NUCLEO-C031C6
2026-09-28 17:55:12,639 [ERROR] DbBoards:279 - No image file defined for board P-L496G-CELL01
2026-09-28 17:55:12,683 [ERROR] DbBoards:279 - No image file defined for board STM32091C-EVAL
2026-09-28 17:55:12,683 [ERROR] DbBoards:279 - No image file defined for board STM32100E-EVAL
2026-09-28 17:55:12,683 [ERROR] DbBoards:279 - No image file defined for board STM3210C-EVAL
2026-09-28 17:55:12,687 [ERROR] DbBoards:279 - No image file defined for board STM3221G-EVAL
2026-09-28 17:55:12,687 [ERROR] DbBoards:279 - No image file defined for board STM32303C-EVAL
2026-09-28 17:55:12,719 [ERROR] DbBoards:279 - No image file defined for board STM32479I-EVAL
2026-09-28 17:55:12,719 [ERROR] DbBoards:279 - No image file defined for board STM32746G-EVAL2
2026-09-28 17:55:12,722 [ERROR] DbBoards:279 - No image file defined for board STM32C0116-DK
2026-09-28 17:55:12,722 [ERROR] DbBoards:279 - No image file defined for board STM32C0316-DK
2026-09-28 17:55:12,733 [ERROR] DbBoards:279 - No image file defined for board STM32F401C-DISCO
2026-09-28 17:55:12,771 [ERROR] DbBoards:279 - No image file defined for board STM32F7308-DK
2026-09-28 17:55:12,786 [ERROR] DbBoards:279 - No image file defined for board STM32F779I-EVAL
2026-09-28 17:55:12,840 [ERROR] DbBoards:279 - No image file defined for board STM32H747I-EVAL
2026-09-28 17:55:12,855 [ERROR] DbBoards:279 - No image file defined for board STM32L-DISCOVERY
2026-09-28 17:55:12,868 [ERROR] DbBoards:279 - No image file defined for board STM32L152D-EVAL
2026-09-28 17:55:13,009 [INFO] DbBoards:282 - Loaded 157 board mini-images
2026-09-28 17:55:13,019 [INFO] MultiScanPanel:787 - Auto Refresh Data is needed due to updater interval setting
2026-09-28 17:55:13,019 [ERROR] WebUtils:638 - Updater is busy
2026-09-28 17:55:14,604 [INFO] DbMcusAds:47 - JSON generation date=Thu Sep 30 09:55:09 MSK 2021 (1632984909247)
2026-09-28 17:55:14,605 [INFO] ApiDb:432 - Save user favorites file /home/rmb/.stm32cubeide/favorites.mcus.txt: 0 item(s)
2026-09-28 17:55:14,605 [INFO] ApiDb:436 - User favorites MCUs=[]
2026-09-28 17:55:14,606 [INFO] ApiDb:567 - Connected to CubeFinder SQLite database (/home/rmb/.stmcufinder/plugins/mcufinder/mcu/cube-finder-db.db)
2026-09-28 17:55:14,611 [INFO] ApiDb:654 - CubeFinder database Data Model version=2.1
2026-09-28 17:55:14,611 [INFO] ApiDb:655 - CubeFinder database Configuration version=3.0.28
2026-09-28 17:55:14,611 [INFO] ApiDb:656 - CubeFinder database generation date=2022-02-18 (1645170766)
2026-09-28 17:55:14,611 [INFO] ApiDb:657 - CubeFinder database FW Pack versions=[STM32Cube_FW_C0_V1.0.0, STM32Cube_FW_F4_V1.27.0, STM32Cube_FW_F7_V1.16.2, STM32Cube_FW_G0_V1.5.0, STM32Cube_FW_G4_V1.5.0, STM32Cube_FW_H7_V1.10.0, STM32Cube_FW_L5_V1.4.0, STM32Cube_FW_U5_V1.1.0, STM32Cube_FW_WB_V1.13.1, STM32Cube_FW_WL_V1.2.0, X-CUBE-ALGOBUILD_V1.3.0, X-CUBE-ALS_V1.0.1, X-CUBE-AZRTOS-F4_V1.0.0, X-CUBE-AZRTOS-F7_V1.0.0, X-CUBE-AZRTOS-G0_V1.0.0, X-CUBE-AZRTOS-G4_V1.0.0, X-CUBE-AZRTOS-H7_V2.0.0, X-CUBE-AZRTOS-L4_V1.0.0, X-CUBE-AZRTOS-L5_V1.0.0, X-CUBE-AZRTOS-WL_V1.0.0, X-CUBE-BLE1_V6.2.1, X-CUBE-BLE2_V3.2.2, X-CUBE-EEPRMA1_V3.1.0, X-CUBE-GNSS1_V5.2.0, X-CUBE-MEMS1_V9.1.0, X-CUBE-NFC4_V2.0.3, X-CUBE-SFXS2LP1_V3.1.0, X-CUBE-SUBG2_V4.2.0]
2026-09-28 17:55:15,344 [INFO] ApiDb:212 - Found 97 in-development CPN: [NUCLEO-C031C6, STM32C0116-DK, STM32C011D6Y3TR, STM32C011D6Y6TR, STM32C011F4P3, STM32C011F4P6, STM32C011F4U3, STM32C011F4U6TR, STM32C011F6P3, STM32C011F6P6, STM32C011F6U3, STM32C011F6U6TR, STM32C011J4M3, STM32C011J4M6, STM32C011J6M3, STM32C011J6M6, STM32C0316-DK, STM32C031C4T3, STM32C031C4T6, STM32C031C4U3, STM32C031C4U6, STM32C031C6T3, STM32C031C6T6, STM32C031C6U3, STM32C031C6U6, STM32C031F4P3, STM32C031F4P6, STM32C031F6P3, STM32C031F6P6, STM32C031G4U3, STM32C031G4U6, STM32C031G6U3, STM32C031G6U6, STM32C031K4T3, STM32C031K4T6, STM32C031K4U3, STM32C031K4U6, STM32C031K6T3, STM32C031K6T6, STM32C031K6U3, STM32C031K6U6, STM32G071K8TXN, STM32G071K8UXN, STM32G081GBU6N, STM32G081KBT6N, STM32G081KBUXN, STM32G0B1CCT6N, STM32G0B1KCT6, STM32G0B1NEY6, STM32G0B1NEY6TR, STM32G0B1RCT6N, STM32G0C1CCT6, STM32G0C1CCT6N, STM32G0C1CCU6N, STM32G0C1CET6N, STM32G0C1CEU6N, STM32G0C1KCT6, STM32G0C1NEY6TR, STM32G0C1RCI6N, STM32G0C1RCT6N, STM32G0C1REI6N, STM32G0C1RET6N, STM32G0C1VCI6, STM32G0C1VEI6, STM32G471CCT6, STM32G471CCU6, STM32G471CET3, STM32G471CET6, STM32G471CEU3, STM32G471CEU6, STM32G471MCT6, STM32G471MET3, STM32G471MET6, STM32G471MEY6TR, STM32G471QCT6, STM32G471QET3, STM32G471RCT6, STM32G471RET3, STM32G471RET6, STM32G471VCH6, STM32G471VCI6, STM32G471VCT6, STM32G471VEH3, STM32G471VEH6, STM32G471VEI3, STM32G471VEI6, STM32G471VET3, STM32G471VET6, STM32G474CCT6, STM32L4R5QGI6STR, STM32U595ZJT6Q, STM32U599BJY6QTR, STM32U599NIH6Q, STM32U599NJH6Q, STM32U5A5ZJT6Q, STM32U5A9BJY6QTR, STM32U5A9NJH6Q]
2026-09-28 17:55:15,346 [INFO] DbMcus:201 - Found 3458 MCUs, 3458 are supported
2026-09-28 17:55:15,346 [INFO] ApiDb:407 - Load user favorites file /home/rmb/.stm32cubeide/favorites.mcus.txt: 0 item(s)
2026-09-28 17:55:15,347 [INFO] ApiDb:411 - User favorites MCUs=[]
2026-09-28 17:55:15,347 [INFO] DbMcus:207 - Set 0 / 0 favorites MCUs
2026-09-28 17:55:15,755 [INFO] ApiDb:432 - Save user favorites file /home/rmb/.stm32cubeide/favorites.boards.txt: 0 item(s)
2026-09-28 17:55:15,755 [INFO] ApiDb:436 - User favorites Boards=[]
2026-09-28 17:55:15,756 [INFO] ApiDb:567 - Connected to CubeFinder SQLite database (/home/rmb/.stmcufinder/plugins/mcufinder/mcu/cube-finder-db.db)
2026-09-28 17:55:15,764 [INFO] ApiDb:654 - CubeFinder database Data Model version=2.1
2026-09-28 17:55:15,764 [INFO] ApiDb:655 - CubeFinder database Configuration version=3.0.28
2026-09-28 17:55:15,764 [INFO] ApiDb:656 - CubeFinder database generation date=2022-02-18 (1645170766)
2026-09-28 17:55:15,764 [INFO] ApiDb:657 - CubeFinder database FW Pack versions=[STM32Cube_FW_C0_V1.0.0, STM32Cube_FW_F4_V1.27.0, STM32Cube_FW_F7_V1.16.2, STM32Cube_FW_G0_V1.5.0, STM32Cube_FW_G4_V1.5.0, STM32Cube_FW_H7_V1.10.0, STM32Cube_FW_L5_V1.4.0, STM32Cube_FW_U5_V1.1.0, STM32Cube_FW_WB_V1.13.1, STM32Cube_FW_WL_V1.2.0, X-CUBE-ALGOBUILD_V1.3.0, X-CUBE-ALS_V1.0.1, X-CUBE-AZRTOS-F4_V1.0.0, X-CUBE-AZRTOS-F7_V1.0.0, X-CUBE-AZRTOS-G0_V1.0.0, X-CUBE-AZRTOS-G4_V1.0.0, X-CUBE-AZRTOS-H7_V2.0.0, X-CUBE-AZRTOS-L4_V1.0.0, X-CUBE-AZRTOS-L5_V1.0.0, X-CUBE-AZRTOS-WL_V1.0.0, X-CUBE-BLE1_V6.2.1, X-CUBE-BLE2_V3.2.2, X-CUBE-EEPRMA1_V3.1.0, X-CUBE-GNSS1_V5.2.0, X-CUBE-MEMS1_V9.1.0, X-CUBE-NFC4_V2.0.3, X-CUBE-SFXS2LP1_V3.1.0, X-CUBE-SUBG2_V4.2.0]
2026-09-28 17:55:15,801 [INFO] DbBoardsSqlite:220 - include board P-NUCLEO-WB55-NUCLEO as a kit item of type 'Nucleo-64'
2026-09-28 17:55:15,802 [INFO] DbBoardsSqlite:220 - include board P-NUCLEO-WB55-USBDONGLE as a kit item of type 'Nucleo USB Dongle'
2026-09-28 17:55:15,802 [INFO] DbBoardsSqlite:220 - include board STEVAL-IDP005V1 as a kit item of type 'Evaluation Board'
2026-09-28 17:55:15,802 [INFO] DbBoardsSqlite:220 - include board STEVAL-IDP005V2 as a kit item of type 'Evaluation Board'
2026-09-28 17:55:15,807 [INFO] ApiDb:212 - Found 97 in-development CPN: [NUCLEO-C031C6, STM32C0116-DK, STM32C011D6Y3TR, STM32C011D6Y6TR, STM32C011F4P3, STM32C011F4P6, STM32C011F4U3, STM32C011F4U6TR, STM32C011F6P3, STM32C011F6P6, STM32C011F6U3, STM32C011F6U6TR, STM32C011J4M3, STM32C011J4M6, STM32C011J6M3, STM32C011J6M6, STM32C0316-DK, STM32C031C4T3, STM32C031C4T6, STM32C031C4U3, STM32C031C4U6, STM32C031C6T3, STM32C031C6T6, STM32C031C6U3, STM32C031C6U6, STM32C031F4P3, STM32C031F4P6, STM32C031F6P3, STM32C031F6P6, STM32C031G4U3, STM32C031G4U6, STM32C031G6U3, STM32C031G6U6, STM32C031K4T3, STM32C031K4T6, STM32C031K4U3, STM32C031K4U6, STM32C031K6T3, STM32C031K6T6, STM32C031K6U3, STM32C031K6U6, STM32G071K8TXN, STM32G071K8UXN, STM32G081GBU6N, STM32G081KBT6N, STM32G081KBUXN, STM32G0B1CCT6N, STM32G0B1KCT6, STM32G0B1NEY6, STM32G0B1NEY6TR, STM32G0B1RCT6N, STM32G0C1CCT6, STM32G0C1CCT6N, STM32G0C1CCU6N, STM32G0C1CET6N, STM32G0C1CEU6N, STM32G0C1KCT6, STM32G0C1NEY6TR, STM32G0C1RCI6N, STM32G0C1RCT6N, STM32G0C1REI6N, STM32G0C1RET6N, STM32G0C1VCI6, STM32G0C1VEI6, STM32G471CCT6, STM32G471CCU6, STM32G471CET3, STM32G471CET6, STM32G471CEU3, STM32G471CEU6, STM32G471MCT6, STM32G471MET3, STM32G471MET6, STM32G471MEY6TR, STM32G471QCT6, STM32G471QET3, STM32G471RCT6, STM32G471RET3, STM32G471RET6, STM32G471VCH6, STM32G471VCI6, STM32G471VCT6, STM32G471VEH3, STM32G471VEH6, STM32G471VEI3, STM32G471VEI6, STM32G471VET3, STM32G471VET6, STM32G474CCT6, STM32L4R5QGI6STR, STM32U595ZJT6Q, STM32U599BJY6QTR, STM32U599NIH6Q, STM32U599NJH6Q, STM32U5A5ZJT6Q, STM32U5A9BJY6QTR, STM32U5A9NJH6Q]
2026-09-28 17:55:15,808 [INFO] BoardInfo:872 - No configuration file found for board B-G431B-ESC1
2026-09-28 17:55:15,809 [INFO] DbBoards:144 - Board is not supported: B-G431B-ESC1
2026-09-28 17:55:15,814 [INFO] BoardInfo:872 - No configuration file found for board I-NUCLEO-LRWAN1
2026-09-28 17:55:15,814 [INFO] DbBoards:144 - Board is not supported: I-NUCLEO-LRWAN1
2026-09-28 17:55:15,874 [INFO] BoardInfo:872 - No configuration file found for board P-NUCLEO-WB55
2026-09-28 17:55:15,874 [INFO] DbBoards:144 - Kit is not supported: P-NUCLEO-WB55
2026-09-28 17:55:15,876 [INFO] BoardInfo:872 - No configuration file found for board STEVAL-BFA001V1B
2026-09-28 17:55:15,876 [INFO] DbBoards:144 - Kit is not supported: STEVAL-BFA001V1B
2026-09-28 17:55:15,877 [INFO] BoardInfo:872 - No configuration file found for board STEVAL-BFA001V2B
2026-09-28 17:55:15,877 [INFO] DbBoards:144 - Kit is not supported: STEVAL-BFA001V2B
2026-09-28 17:55:15,942 [INFO] DbBoards:148 - Found 174 boards, 169 are supported
2026-09-28 17:55:15,943 [INFO] ApiDb:407 - Load user favorites file /home/rmb/.stm32cubeide/favorites.boards.txt: 0 item(s)
2026-09-28 17:55:15,943 [INFO] ApiDb:411 - User favorites Boards=[]
2026-09-28 17:55:15,943 [INFO] DbBoards:174 - Set 0 / 0 favorites Boards
2026-09-28 17:55:16,159 [ERROR] MultiScanPanel:802 - Unable to refresh data
2026-09-28 17:55:16,189 [INFO] DbBoards:259 - Loading board mini-images...
2026-09-28 17:55:16,223 [ERROR] DbBoards:279 - No image file defined for board NUCLEO-C031C6
2026-09-28 17:55:16,530 [ERROR] DbBoards:279 - No image file defined for board P-L496G-CELL01
2026-09-28 17:55:16,559 [ERROR] DbBoards:279 - No image file defined for board STM32091C-EVAL
2026-09-28 17:55:16,559 [ERROR] DbBoards:279 - No image file defined for board STM32100E-EVAL
2026-09-28 17:55:16,559 [ERROR] DbBoards:279 - No image file defined for board STM3210C-EVAL
2026-09-28 17:55:16,562 [ERROR] DbBoards:279 - No image file defined for board STM3221G-EVAL
2026-09-28 17:55:16,562 [ERROR] DbBoards:279 - No image file defined for board STM32303C-EVAL
2026-09-28 17:55:16,582 [ERROR] DbBoards:279 - No image file defined for board STM32479I-EVAL
2026-09-28 17:55:16,582 [ERROR] DbBoards:279 - No image file defined for board STM32746G-EVAL2
2026-09-28 17:55:16,583 [ERROR] DbBoards:279 - No image file defined for board STM32C0116-DK
2026-09-28 17:55:16,583 [ERROR] DbBoards:279 - No image file defined for board STM32C0316-DK
2026-09-28 17:55:16,590 [ERROR] DbBoards:279 - No image file defined for board STM32F401C-DISCO
2026-09-28 17:55:16,601 [ERROR] DbBoards:279 - No image file defined for board STM32F7308-DK
2026-09-28 17:55:16,612 [ERROR] DbBoards:279 - No image file defined for board STM32F779I-EVAL
2026-09-28 17:55:16,665 [ERROR] DbBoards:279 - No image file defined for board STM32H747I-EVAL
2026-09-28 17:55:16,690 [ERROR] DbBoards:279 - No image file defined for board STM32L-DISCOVERY
2026-09-28 17:55:16,700 [ERROR] DbBoards:279 - No image file defined for board STM32L152D-EVAL
2026-09-28 17:55:16,773 [INFO] DbBoards:282 - Loaded 157 board mini-images
2026-09-28 17:55:17,676 [ERROR] ServerAccessManage:1058 - Problem during Server Connexion :  IO error Connection reset
2026-09-28 17:55:17,677 [ERROR] ServerAccessManage:1062 - Exception trace: 
javax.net.ssl.SSLException: Connection reset
	at java.base/sun.security.ssl.Alert.createSSLException(Alert.java:127)
	at java.base/sun.security.ssl.TransportContext.fatal(TransportContext.java:349)
	at java.base/sun.security.ssl.TransportContext.fatal(TransportContext.java:292)
	at java.base/sun.security.ssl.TransportContext.fatal(TransportContext.java:287)
	at java.base/sun.security.ssl.SSLTransport.decode(SSLTransport.java:144)
	at java.base/sun.security.ssl.SSLSocketImpl.decode(SSLSocketImpl.java:1418)
	at java.base/sun.security.ssl.SSLSocketImpl.readHandshakeRecord(SSLSocketImpl.java:1324)
	at java.base/sun.security.ssl.SSLSocketImpl.startHandshake(SSLSocketImpl.java:440)
	at java.base/sun.security.ssl.SSLSocketImpl.startHandshake(SSLSocketImpl.java:411)
	at java.base/sun.net.www.protocol.https.HttpsClient.afterConnect(HttpsClient.java:567)
	at java.base/sun.net.www.protocol.https.AbstractDelegateHttpsURLConnection.connect(AbstractDelegateHttpsURLConnection.java:197)
	at java.base/sun.net.www.protocol.http.HttpURLConnection.getInputStream0(HttpURLConnection.java:1592)
	at java.base/sun.net.www.protocol.http.HttpURLConnection.getInputStream(HttpURLConnection.java:1520)
	at java.base/java.net.HttpURLConnection.getResponseCode(HttpURLConnection.java:527)
	at java.base/sun.net.www.protocol.https.HttpsURLConnectionImpl.getResponseCode(HttpsURLConnectionImpl.java:334)
	at com.st.microxplorer.plugins.updater.engine.ServerAccessManage.openHttpConnexion(ServerAccessManage.java:919)
	at com.st.microxplorer.plugins.updater.engine.ServerAccessManage.openHttpConnexion(ServerAccessManage.java:960)
	at com.st.microxplorer.plugins.updater.engine.ServerAccessManage.readHttpFile(ServerAccessManage.java:309)
	at com.st.microxplorer.plugins.updater.engine.LoadServerUpdatesThread.processPdscEntry(LoadServerUpdatesThread.java:1222)
	at com.st.microxplorer.plugins.updater.engine.LoadServerUpdatesThread.processPackIndexEntries(LoadServerUpdatesThread.java:1149)
	at com.st.microxplorer.plugins.updater.engine.LoadServerUpdatesThread.processThirdPartyUpdaterIndexUrls(LoadServerUpdatesThread.java:1097)
	at com.st.microxplorer.plugins.updater.engine.LoadServerUpdatesThread.processThirdParties(LoadServerUpdatesThread.java:862)
	at com.st.microxplorer.plugins.updater.engine.LoadServerUpdatesThread.performFullUpdate(LoadServerUpdatesThread.java:448)
	at com.st.microxplorer.plugins.updater.engine.LoadServerUpdatesThread.run(LoadServerUpdatesThread.java:307)
	Suppressed: java.net.SocketException: Broken pipe (Write failed)
		at java.base/java.net.SocketOutputStream.socketWrite0(Native Method)
		at java.base/java.net.SocketOutputStream.socketWrite(SocketOutputStream.java:110)
		at java.base/java.net.SocketOutputStream.write(SocketOutputStream.java:150)
		at java.base/sun.security.ssl.SSLSocketOutputRecord.encodeAlert(SSLSocketOutputRecord.java:81)
		at java.base/sun.security.ssl.TransportContext.fatal(TransportContext.java:380)
		... 22 more
Caused by: java.net.SocketException: Connection reset
	at java.base/java.net.SocketInputStream.read(SocketInputStream.java:186)
	at java.base/java.net.SocketInputStream.read(SocketInputStream.java:140)
	at java.base/sun.security.ssl.SSLSocketInputRecord.read(SSLSocketInputRecord.java:478)
	at java.base/sun.security.ssl.SSLSocketInputRecord.readHeader(SSLSocketInputRecord.java:472)
	at java.base/sun.security.ssl.SSLSocketInputRecord.decode(SSLSocketInputRecord.java:160)
	at java.base/sun.security.ssl.SSLTransport.decode(SSLTransport.java:110)
	... 19 more
2026-09-28 17:55:17,677 [ERROR] ServerAccessManage:537 - Problem during Server Connexion :  : STMicroelectronics.X-CUBE-BLE1.pdsc.
2026-09-28 17:55:22,636 [INFO] MultiScanPanel:195 - Auto-refresh data requested => check proxy status ongoing
2026-09-28 17:55:22,638 [INFO] ApiDb:654 - CubeFinder database Data Model version=2.1
2026-09-28 17:55:22,639 [INFO] ApiDb:655 - CubeFinder database Configuration version=3.0.28
2026-09-28 17:55:22,639 [INFO] ApiDb:656 - CubeFinder database generation date=2022-02-18 (1645170766)
2026-09-28 17:55:22,639 [INFO] ApiDb:657 - CubeFinder database FW Pack versions=[STM32Cube_FW_C0_V1.0.0, STM32Cube_FW_F4_V1.27.0, STM32Cube_FW_F7_V1.16.2, STM32Cube_FW_G0_V1.5.0, STM32Cube_FW_G4_V1.5.0, STM32Cube_FW_H7_V1.10.0, STM32Cube_FW_L5_V1.4.0, STM32Cube_FW_U5_V1.1.0, STM32Cube_FW_WB_V1.13.1, STM32Cube_FW_WL_V1.2.0, X-CUBE-ALGOBUILD_V1.3.0, X-CUBE-ALS_V1.0.1, X-CUBE-AZRTOS-F4_V1.0.0, X-CUBE-AZRTOS-F7_V1.0.0, X-CUBE-AZRTOS-G0_V1.0.0, X-CUBE-AZRTOS-G4_V1.0.0, X-CUBE-AZRTOS-H7_V2.0.0, X-CUBE-AZRTOS-L4_V1.0.0, X-CUBE-AZRTOS-L5_V1.0.0, X-CUBE-AZRTOS-WL_V1.0.0, X-CUBE-BLE1_V6.2.1, X-CUBE-BLE2_V3.2.2, X-CUBE-EEPRMA1_V3.1.0, X-CUBE-GNSS1_V5.2.0, X-CUBE-MEMS1_V9.1.0, X-CUBE-NFC4_V2.0.3, X-CUBE-SFXS2LP1_V3.1.0, X-CUBE-SUBG2_V4.2.0]
2026-09-28 17:55:22,958 [INFO] DbExamplesSqlite:367 - Ignored 24 examples not supported by CubeIDE
2026-09-28 17:55:22,958 [INFO] DbExamplesSqlite:368 - Found 6135 examples active
2026-09-28 17:55:22,958 [INFO] DbExamplesSqlite:369 - Found 64 examples obsolete
2026-09-28 17:55:22,958 [INFO] DbExamplesSqlite:370 - Found 0 examples under development
2026-09-28 17:55:22,959 [INFO] DbExamplesSqlite:371 - Found 96 examples not building
2026-09-28 17:55:22,960 [INFO] DbExamples:124 - Found 6207 examples
2026-09-28 17:55:22,964 [INFO] DbExamples:221 - Found 77 boards with related examples
2026-09-28 17:55:22,965 [INFO] DbExamples:234 - Found 64 MCUs with related examples
2026-09-28 17:55:22,972 [INFO] ApiDb:398 - User favorites file not found: /home/rmb/.stm32cubeide/favorites.examples.txt
2026-09-28 17:55:22,973 [INFO] DbExamples:249 - Set 0 / 0 favorites Examples
2026-09-28 17:55:23,157 [INFO] SoftwarePacks:121 - Download is needed for SW pack 'STM32Cube_FW_C0_V1.0.0'
2026-09-28 17:55:23,157 [INFO] SoftwarePacks:121 - Download is needed for SW pack 'STM32Cube_FW_F4_V1.27.0'
2026-09-28 17:55:23,158 [INFO] SoftwarePacks:121 - Download is needed for SW pack 'STM32Cube_FW_F7_V1.16.2'
2026-09-28 17:55:23,158 [INFO] SoftwarePacks:121 - Download is needed for SW pack 'STM32Cube_FW_G0_V1.5.0'
2026-09-28 17:55:23,158 [INFO] SoftwarePacks:121 - Download is needed for SW pack 'STM32Cube_FW_G4_V1.5.0'
2026-09-28 17:55:23,158 [INFO] SoftwarePacks:121 - Download is needed for SW pack 'STM32Cube_FW_H7_V1.10.0'
2026-09-28 17:55:23,158 [INFO] SoftwarePacks:121 - Download is needed for SW pack 'STM32Cube_FW_L5_V1.4.0'
2026-09-28 17:55:23,158 [INFO] SoftwarePacks:121 - Download is needed for SW pack 'STM32Cube_FW_U5_V1.1.0'
2026-09-28 17:55:23,158 [INFO] SoftwarePacks:121 - Download is needed for SW pack 'STM32Cube_FW_WB_V1.13.1'
2026-09-28 17:55:23,158 [INFO] SoftwarePacks:121 - Download is needed for SW pack 'STM32Cube_FW_WL_V1.2.0'
2026-09-28 17:55:23,158 [ERROR] SoftwarePacks:133 - Unknown SW pack 'X-CUBE-ALGOBUILD_V1.3.0'
2026-09-28 17:55:23,158 [ERROR] SoftwarePacks:133 - Unknown SW pack 'X-CUBE-ALS_V1.0.1'
2026-09-28 17:55:23,158 [ERROR] SoftwarePacks:133 - Unknown SW pack 'X-CUBE-AZRTOS-F4_V1.0.0'
2026-09-28 17:55:23,158 [ERROR] SoftwarePacks:133 - Unknown SW pack 'X-CUBE-AZRTOS-F7_V1.0.0'
2026-09-28 17:55:23,158 [ERROR] SoftwarePacks:133 - Unknown SW pack 'X-CUBE-AZRTOS-G0_V1.0.0'
2026-09-28 17:55:23,158 [ERROR] SoftwarePacks:133 - Unknown SW pack 'X-CUBE-AZRTOS-G4_V1.0.0'
2026-09-28 17:55:23,158 [ERROR] SoftwarePacks:133 - Unknown SW pack 'X-CUBE-AZRTOS-H7_V2.0.0'
2026-09-28 17:55:23,158 [ERROR] SoftwarePacks:133 - Unknown SW pack 'X-CUBE-AZRTOS-L4_V1.0.0'
2026-09-28 17:55:23,158 [ERROR] SoftwarePacks:133 - Unknown SW pack 'X-CUBE-AZRTOS-L5_V1.0.0'
2026-09-28 17:55:23,158 [ERROR] SoftwarePacks:133 - Unknown SW pack 'X-CUBE-AZRTOS-WL_V1.0.0'
2026-09-28 17:55:23,158 [ERROR] SoftwarePacks:133 - Unknown SW pack 'X-CUBE-BLE1_V6.2.1'
2026-09-28 17:55:23,158 [ERROR] SoftwarePacks:133 - Unknown SW pack 'X-CUBE-BLE2_V3.2.2'
2026-09-28 17:55:23,158 [ERROR] SoftwarePacks:133 - Unknown SW pack 'X-CUBE-EEPRMA1_V3.1.0'
2026-09-28 17:55:23,158 [ERROR] SoftwarePacks:133 - Unknown SW pack 'X-CUBE-GNSS1_V5.2.0'
2026-09-28 17:55:23,158 [ERROR] SoftwarePacks:133 - Unknown SW pack 'X-CUBE-MEMS1_V9.1.0'
2026-09-28 17:55:23,158 [ERROR] SoftwarePacks:133 - Unknown SW pack 'X-CUBE-NFC4_V2.0.3'
2026-09-28 17:55:23,158 [ERROR] SoftwarePacks:133 - Unknown SW pack 'X-CUBE-SFXS2LP1_V3.1.0'
2026-09-28 17:55:23,158 [ERROR] SoftwarePacks:133 - Unknown SW pack 'X-CUBE-SUBG2_V4.2.0'
2026-09-28 17:55:23,518 [ERROR] ServerAccessManage:1058 - Problem during Server Connexion :  IO error Connection reset
2026-09-28 17:55:23,518 [ERROR] ServerAccessManage:1062 - Exception trace: 
javax.net.ssl.SSLException: Connection reset
	at java.base/sun.security.ssl.Alert.createSSLException(Alert.java:127)
	at java.base/sun.security.ssl.TransportContext.fatal(TransportContext.java:349)
	at java.base/sun.security.ssl.TransportContext.fatal(TransportContext.java:292)
	at java.base/sun.security.ssl.TransportContext.fatal(TransportContext.java:287)
	at java.base/sun.security.ssl.SSLTransport.decode(SSLTransport.java:144)
	at java.base/sun.security.ssl.SSLSocketImpl.decode(SSLSocketImpl.java:1418)
	at java.base/sun.security.ssl.SSLSocketImpl.readHandshakeRecord(SSLSocketImpl.java:1324)
	at java.base/sun.security.ssl.SSLSocketImpl.startHandshake(SSLSocketImpl.java:440)
	at java.base/sun.security.ssl.SSLSocketImpl.startHandshake(SSLSocketImpl.java:411)
	at java.base/sun.net.www.protocol.https.HttpsClient.afterConnect(HttpsClient.java:567)
	at java.base/sun.net.www.protocol.https.AbstractDelegateHttpsURLConnection.connect(AbstractDelegateHttpsURLConnection.java:197)
	at java.base/sun.net.www.protocol.http.HttpURLConnection.getInputStream0(HttpURLConnection.java:1592)
	at java.base/sun.net.www.protocol.http.HttpURLConnection.getInputStream(HttpURLConnection.java:1520)
	at java.base/java.net.HttpURLConnection.getResponseCode(HttpURLConnection.java:527)
	at java.base/sun.net.www.protocol.https.HttpsURLConnectionImpl.getResponseCode(HttpsURLConnectionImpl.java:334)
	at com.st.microxplorer.plugins.updater.engine.ServerAccessManage.openHttpConnexion(ServerAccessManage.java:919)
	at com.st.microxplorer.plugins.updater.engine.ServerAccessManage.openHttpConnexion(ServerAccessManage.java:960)
	at com.st.microxplorer.plugins.updater.engine.ServerAccessManage.readHttpFile(ServerAccessManage.java:301)
	at com.st.microxplorer.plugins.updater.engine.LoadServerUpdatesThread.processPdscEntry(LoadServerUpdatesThread.java:1222)
	at com.st.microxplorer.plugins.updater.engine.LoadServerUpdatesThread.processPackIndexEntries(LoadServerUpdatesThread.java:1149)
	at com.st.microxplorer.plugins.updater.engine.LoadServerUpdatesThread.processThirdPartyUpdaterIndexUrls(LoadServerUpdatesThread.java:1097)
	at com.st.microxplorer.plugins.updater.engine.LoadServerUpdatesThread.processThirdParties(LoadServerUpdatesThread.java:862)
	at com.st.microxplorer.plugins.updater.engine.LoadServerUpdatesThread.performFullUpdate(LoadServerUpdatesThread.java:448)
	at com.st.microxplorer.plugins.updater.engine.LoadServerUpdatesThread.run(LoadServerUpdatesThread.java:307)
	Suppressed: java.net.SocketException: Broken pipe (Write failed)
		at java.base/java.net.SocketOutputStream.socketWrite0(Native Method)
		at java.base/java.net.SocketOutputStream.socketWrite(SocketOutputStream.java:110)
		at java.base/java.net.SocketOutputStream.write(SocketOutputStream.java:150)
		at java.base/sun.security.ssl.SSLSocketOutputRecord.encodeAlert(SSLSocketOutputRecord.java:81)
		at java.base/sun.security.ssl.TransportContext.fatal(TransportContext.java:380)
		... 22 more
Caused by: java.net.SocketException: Connection reset
	at java.base/java.net.SocketInputStream.read(SocketInputStream.java:186)
	at java.base/java.net.SocketInputStream.read(SocketInputStream.java:140)
	at java.base/sun.security.ssl.SSLSocketInputRecord.read(SSLSocketInputRecord.java:478)
	at java.base/sun.security.ssl.SSLSocketInputRecord.readHeader(SSLSocketInputRecord.java:472)
	at java.base/sun.security.ssl.SSLSocketInputRecord.decode(SSLSocketInputRecord.java:160)
	at java.base/sun.security.ssl.SSLTransport.decode(SSLTransport.java:110)
	... 19 more
2026-09-28 17:55:23,518 [ERROR] ServerAccessManage:537 - Problem during Server Connexion :  : STMicroelectronics.X-CUBE-BLE2.pdsc.
2026-09-28 17:55:23,932 [ERROR] WebUtils:379 - Updater is busy
2026-09-28 17:55:23,932 [WARN] DetailPanel:320 - Failed to get advertising image, set to default
2026-09-28 17:55:24,829 [INFO] MultiScanPanel:787 - Auto Refresh Data is needed due to updater interval setting
2026-09-28 17:55:24,829 [ERROR] WebUtils:638 - Updater is busy
2026-09-28 17:55:25,706 [INFO] DbMcusAds:47 - JSON generation date=Thu Sep 30 09:55:09 MSK 2021 (1632984909247)
2026-09-28 17:55:25,707 [INFO] ApiDb:432 - Save user favorites file /home/rmb/.stm32cubeide/favorites.mcus.txt: 0 item(s)
2026-09-28 17:55:25,707 [INFO] ApiDb:436 - User favorites MCUs=[]
2026-09-28 17:55:25,708 [INFO] ApiDb:567 - Connected to CubeFinder SQLite database (/home/rmb/.stmcufinder/plugins/mcufinder/mcu/cube-finder-db.db)
2026-09-28 17:55:25,720 [INFO] ApiDb:654 - CubeFinder database Data Model version=2.1
2026-09-28 17:55:25,720 [INFO] ApiDb:655 - CubeFinder database Configuration version=3.0.28
2026-09-28 17:55:25,720 [INFO] ApiDb:656 - CubeFinder database generation date=2022-02-18 (1645170766)
2026-09-28 17:55:25,720 [INFO] ApiDb:657 - CubeFinder database FW Pack versions=[STM32Cube_FW_C0_V1.0.0, STM32Cube_FW_F4_V1.27.0, STM32Cube_FW_F7_V1.16.2, STM32Cube_FW_G0_V1.5.0, STM32Cube_FW_G4_V1.5.0, STM32Cube_FW_H7_V1.10.0, STM32Cube_FW_L5_V1.4.0, STM32Cube_FW_U5_V1.1.0, STM32Cube_FW_WB_V1.13.1, STM32Cube_FW_WL_V1.2.0, X-CUBE-ALGOBUILD_V1.3.0, X-CUBE-ALS_V1.0.1, X-CUBE-AZRTOS-F4_V1.0.0, X-CUBE-AZRTOS-F7_V1.0.0, X-CUBE-AZRTOS-G0_V1.0.0, X-CUBE-AZRTOS-G4_V1.0.0, X-CUBE-AZRTOS-H7_V2.0.0, X-CUBE-AZRTOS-L4_V1.0.0, X-CUBE-AZRTOS-L5_V1.0.0, X-CUBE-AZRTOS-WL_V1.0.0, X-CUBE-BLE1_V6.2.1, X-CUBE-BLE2_V3.2.2, X-CUBE-EEPRMA1_V3.1.0, X-CUBE-GNSS1_V5.2.0, X-CUBE-MEMS1_V9.1.0, X-CUBE-NFC4_V2.0.3, X-CUBE-SFXS2LP1_V3.1.0, X-CUBE-SUBG2_V4.2.0]
2026-09-28 17:55:26,507 [INFO] ApiDb:212 - Found 97 in-development CPN: [NUCLEO-C031C6, STM32C0116-DK, STM32C011D6Y3TR, STM32C011D6Y6TR, STM32C011F4P3, STM32C011F4P6, STM32C011F4U3, STM32C011F4U6TR, STM32C011F6P3, STM32C011F6P6, STM32C011F6U3, STM32C011F6U6TR, STM32C011J4M3, STM32C011J4M6, STM32C011J6M3, STM32C011J6M6, STM32C0316-DK, STM32C031C4T3, STM32C031C4T6, STM32C031C4U3, STM32C031C4U6, STM32C031C6T3, STM32C031C6T6, STM32C031C6U3, STM32C031C6U6, STM32C031F4P3, STM32C031F4P6, STM32C031F6P3, STM32C031F6P6, STM32C031G4U3, STM32C031G4U6, STM32C031G6U3, STM32C031G6U6, STM32C031K4T3, STM32C031K4T6, STM32C031K4U3, STM32C031K4U6, STM32C031K6T3, STM32C031K6T6, STM32C031K6U3, STM32C031K6U6, STM32G071K8TXN, STM32G071K8UXN, STM32G081GBU6N, STM32G081KBT6N, STM32G081KBUXN, STM32G0B1CCT6N, STM32G0B1KCT6, STM32G0B1NEY6, STM32G0B1NEY6TR, STM32G0B1RCT6N, STM32G0C1CCT6, STM32G0C1CCT6N, STM32G0C1CCU6N, STM32G0C1CET6N, STM32G0C1CEU6N, STM32G0C1KCT6, STM32G0C1NEY6TR, STM32G0C1RCI6N, STM32G0C1RCT6N, STM32G0C1REI6N, STM32G0C1RET6N, STM32G0C1VCI6, STM32G0C1VEI6, STM32G471CCT6, STM32G471CCU6, STM32G471CET3, STM32G471CET6, STM32G471CEU3, STM32G471CEU6, STM32G471MCT6, STM32G471MET3, STM32G471MET6, STM32G471MEY6TR, STM32G471QCT6, STM32G471QET3, STM32G471RCT6, STM32G471RET3, STM32G471RET6, STM32G471VCH6, STM32G471VCI6, STM32G471VCT6, STM32G471VEH3, STM32G471VEH6, STM32G471VEI3, STM32G471VEI6, STM32G471VET3, STM32G471VET6, STM32G474CCT6, STM32L4R5QGI6STR, STM32U595ZJT6Q, STM32U599BJY6QTR, STM32U599NIH6Q, STM32U599NJH6Q, STM32U5A5ZJT6Q, STM32U5A9BJY6QTR, STM32U5A9NJH6Q]
2026-09-28 17:55:26,508 [INFO] DbMcus:201 - Found 3458 MCUs, 3458 are supported
2026-09-28 17:55:26,508 [INFO] ApiDb:407 - Load user favorites file /home/rmb/.stm32cubeide/favorites.mcus.txt: 0 item(s)
2026-09-28 17:55:26,508 [INFO] ApiDb:411 - User favorites MCUs=[]
2026-09-28 17:55:26,508 [INFO] DbMcus:207 - Set 0 / 0 favorites MCUs
2026-09-28 17:55:26,694 [INFO] ApiDb:432 - Save user favorites file /home/rmb/.stm32cubeide/favorites.boards.txt: 0 item(s)
2026-09-28 17:55:26,695 [INFO] ApiDb:436 - User favorites Boards=[]
2026-09-28 17:55:26,695 [INFO] ApiDb:567 - Connected to CubeFinder SQLite database (/home/rmb/.stmcufinder/plugins/mcufinder/mcu/cube-finder-db.db)
2026-09-28 17:55:26,703 [INFO] ApiDb:654 - CubeFinder database Data Model version=2.1
2026-09-28 17:55:26,703 [INFO] ApiDb:655 - CubeFinder database Configuration version=3.0.28
2026-09-28 17:55:26,704 [INFO] ApiDb:656 - CubeFinder database generation date=2022-02-18 (1645170766)
2026-09-28 17:55:26,704 [INFO] ApiDb:657 - CubeFinder database FW Pack versions=[STM32Cube_FW_C0_V1.0.0, STM32Cube_FW_F4_V1.27.0, STM32Cube_FW_F7_V1.16.2, STM32Cube_FW_G0_V1.5.0, STM32Cube_FW_G4_V1.5.0, STM32Cube_FW_H7_V1.10.0, STM32Cube_FW_L5_V1.4.0, STM32Cube_FW_U5_V1.1.0, STM32Cube_FW_WB_V1.13.1, STM32Cube_FW_WL_V1.2.0, X-CUBE-ALGOBUILD_V1.3.0, X-CUBE-ALS_V1.0.1, X-CUBE-AZRTOS-F4_V1.0.0, X-CUBE-AZRTOS-F7_V1.0.0, X-CUBE-AZRTOS-G0_V1.0.0, X-CUBE-AZRTOS-G4_V1.0.0, X-CUBE-AZRTOS-H7_V2.0.0, X-CUBE-AZRTOS-L4_V1.0.0, X-CUBE-AZRTOS-L5_V1.0.0, X-CUBE-AZRTOS-WL_V1.0.0, X-CUBE-BLE1_V6.2.1, X-CUBE-BLE2_V3.2.2, X-CUBE-EEPRMA1_V3.1.0, X-CUBE-GNSS1_V5.2.0, X-CUBE-MEMS1_V9.1.0, X-CUBE-NFC4_V2.0.3, X-CUBE-SFXS2LP1_V3.1.0, X-CUBE-SUBG2_V4.2.0]
2026-09-28 17:55:26,739 [INFO] DbBoardsSqlite:220 - include board P-NUCLEO-WB55-NUCLEO as a kit item of type 'Nucleo-64'
2026-09-28 17:55:26,739 [INFO] DbBoardsSqlite:220 - include board P-NUCLEO-WB55-USBDONGLE as a kit item of type 'Nucleo USB Dongle'
2026-09-28 17:55:26,740 [INFO] DbBoardsSqlite:220 - include board STEVAL-IDP005V1 as a kit item of type 'Evaluation Board'
2026-09-28 17:55:26,740 [INFO] DbBoardsSqlite:220 - include board STEVAL-IDP005V2 as a kit item of type 'Evaluation Board'
2026-09-28 17:55:26,744 [INFO] ApiDb:212 - Found 97 in-development CPN: [NUCLEO-C031C6, STM32C0116-DK, STM32C011D6Y3TR, STM32C011D6Y6TR, STM32C011F4P3, STM32C011F4P6, STM32C011F4U3, STM32C011F4U6TR, STM32C011F6P3, STM32C011F6P6, STM32C011F6U3, STM32C011F6U6TR, STM32C011J4M3, STM32C011J4M6, STM32C011J6M3, STM32C011J6M6, STM32C0316-DK, STM32C031C4T3, STM32C031C4T6, STM32C031C4U3, STM32C031C4U6, STM32C031C6T3, STM32C031C6T6, STM32C031C6U3, STM32C031C6U6, STM32C031F4P3, STM32C031F4P6, STM32C031F6P3, STM32C031F6P6, STM32C031G4U3, STM32C031G4U6, STM32C031G6U3, STM32C031G6U6, STM32C031K4T3, STM32C031K4T6, STM32C031K4U3, STM32C031K4U6, STM32C031K6T3, STM32C031K6T6, STM32C031K6U3, STM32C031K6U6, STM32G071K8TXN, STM32G071K8UXN, STM32G081GBU6N, STM32G081KBT6N, STM32G081KBUXN, STM32G0B1CCT6N, STM32G0B1KCT6, STM32G0B1NEY6, STM32G0B1NEY6TR, STM32G0B1RCT6N, STM32G0C1CCT6, STM32G0C1CCT6N, STM32G0C1CCU6N, STM32G0C1CET6N, STM32G0C1CEU6N, STM32G0C1KCT6, STM32G0C1NEY6TR, STM32G0C1RCI6N, STM32G0C1RCT6N, STM32G0C1REI6N, STM32G0C1RET6N, STM32G0C1VCI6, STM32G0C1VEI6, STM32G471CCT6, STM32G471CCU6, STM32G471CET3, STM32G471CET6, STM32G471CEU3, STM32G471CEU6, STM32G471MCT6, STM32G471MET3, STM32G471MET6, STM32G471MEY6TR, STM32G471QCT6, STM32G471QET3, STM32G471RCT6, STM32G471RET3, STM32G471RET6, STM32G471VCH6, STM32G471VCI6, STM32G471VCT6, STM32G471VEH3, STM32G471VEH6, STM32G471VEI3, STM32G471VEI6, STM32G471VET3, STM32G471VET6, STM32G474CCT6, STM32L4R5QGI6STR, STM32U595ZJT6Q, STM32U599BJY6QTR, STM32U599NIH6Q, STM32U599NJH6Q, STM32U5A5ZJT6Q, STM32U5A9BJY6QTR, STM32U5A9NJH6Q]
2026-09-28 17:55:26,745 [INFO] BoardInfo:872 - No configuration file found for board B-G431B-ESC1
2026-09-28 17:55:26,745 [INFO] DbBoards:144 - Board is not supported: B-G431B-ESC1
2026-09-28 17:55:26,750 [INFO] BoardInfo:872 - No configuration file found for board I-NUCLEO-LRWAN1
2026-09-28 17:55:26,750 [INFO] DbBoards:144 - Board is not supported: I-NUCLEO-LRWAN1
2026-09-28 17:55:26,791 [INFO] BoardInfo:872 - No configuration file found for board P-NUCLEO-WB55
2026-09-28 17:55:26,791 [INFO] DbBoards:144 - Kit is not supported: P-NUCLEO-WB55
2026-09-28 17:55:26,793 [INFO] BoardInfo:872 - No configuration file found for board STEVAL-BFA001V1B
2026-09-28 17:55:26,793 [INFO] DbBoards:144 - Kit is not supported: STEVAL-BFA001V1B
2026-09-28 17:55:26,794 [INFO] BoardInfo:872 - No configuration file found for board STEVAL-BFA001V2B
2026-09-28 17:55:26,794 [INFO] DbBoards:144 - Kit is not supported: STEVAL-BFA001V2B
2026-09-28 17:55:26,858 [INFO] DbBoards:148 - Found 174 boards, 169 are supported
2026-09-28 17:55:26,859 [INFO] ApiDb:407 - Load user favorites file /home/rmb/.stm32cubeide/favorites.boards.txt: 0 item(s)
2026-09-28 17:55:26,859 [INFO] ApiDb:411 - User favorites Boards=[]
2026-09-28 17:55:26,859 [INFO] DbBoards:174 - Set 0 / 0 favorites Boards
2026-09-28 17:55:27,039 [INFO] DbBoards:259 - Loading board mini-images...
2026-09-28 17:55:27,077 [ERROR] DbBoards:279 - No image file defined for board NUCLEO-C031C6
2026-09-28 17:55:27,624 [ERROR] DbBoards:279 - No image file defined for board P-L496G-CELL01
2026-09-28 17:55:27,683 [ERROR] DbBoards:279 - No image file defined for board STM32091C-EVAL
2026-09-28 17:55:27,683 [ERROR] DbBoards:279 - No image file defined for board STM32100E-EVAL
2026-09-28 17:55:27,683 [ERROR] DbBoards:279 - No image file defined for board STM3210C-EVAL
2026-09-28 17:55:27,687 [ERROR] DbBoards:279 - No image file defined for board STM3221G-EVAL
2026-09-28 17:55:27,687 [ERROR] DbBoards:279 - No image file defined for board STM32303C-EVAL
2026-09-28 17:55:27,707 [ERROR] DbBoards:279 - No image file defined for board STM32479I-EVAL
2026-09-28 17:55:27,707 [ERROR] DbBoards:279 - No image file defined for board STM32746G-EVAL2
2026-09-28 17:55:27,708 [ERROR] DbBoards:279 - No image file defined for board STM32C0116-DK
2026-09-28 17:55:27,709 [ERROR] DbBoards:279 - No image file defined for board STM32C0316-DK
2026-09-28 17:55:27,716 [ERROR] DbBoards:279 - No image file defined for board STM32F401C-DISCO
2026-09-28 17:55:27,728 [ERROR] DbBoards:279 - No image file defined for board STM32F7308-DK
2026-09-28 17:55:27,738 [ERROR] DbBoards:279 - No image file defined for board STM32F779I-EVAL
2026-09-28 17:55:27,775 [ERROR] DbBoards:279 - No image file defined for board STM32H747I-EVAL
2026-09-28 17:55:27,787 [ERROR] DbBoards:279 - No image file defined for board STM32L-DISCOVERY
2026-09-28 17:55:27,795 [ERROR] DbBoards:279 - No image file defined for board STM32L152D-EVAL
2026-09-28 17:55:27,868 [INFO] DbBoards:282 - Loaded 157 board mini-images
2026-09-28 17:55:27,880 [INFO] ApiDb:432 - Save user favorites file /home/rmb/.stm32cubeide/favorites.examples.txt: 0 item(s)
2026-09-28 17:55:27,880 [INFO] ApiDb:436 - User favorites Examples=[]
2026-09-28 17:55:27,881 [INFO] ApiDb:567 - Connected to CubeFinder SQLite database (/home/rmb/.stmcufinder/plugins/mcufinder/mcu/cube-finder-db.db)
2026-09-28 17:55:27,886 [INFO] ApiDb:654 - CubeFinder database Data Model version=2.1
2026-09-28 17:55:27,886 [INFO] ApiDb:655 - CubeFinder database Configuration version=3.0.28
2026-09-28 17:55:27,886 [INFO] ApiDb:656 - CubeFinder database generation date=2022-02-18 (1645170766)
2026-09-28 17:55:27,886 [INFO] ApiDb:657 - CubeFinder database FW Pack versions=[STM32Cube_FW_C0_V1.0.0, STM32Cube_FW_F4_V1.27.0, STM32Cube_FW_F7_V1.16.2, STM32Cube_FW_G0_V1.5.0, STM32Cube_FW_G4_V1.5.0, STM32Cube_FW_H7_V1.10.0, STM32Cube_FW_L5_V1.4.0, STM32Cube_FW_U5_V1.1.0, STM32Cube_FW_WB_V1.13.1, STM32Cube_FW_WL_V1.2.0, X-CUBE-ALGOBUILD_V1.3.0, X-CUBE-ALS_V1.0.1, X-CUBE-AZRTOS-F4_V1.0.0, X-CUBE-AZRTOS-F7_V1.0.0, X-CUBE-AZRTOS-G0_V1.0.0, X-CUBE-AZRTOS-G4_V1.0.0, X-CUBE-AZRTOS-H7_V2.0.0, X-CUBE-AZRTOS-L4_V1.0.0, X-CUBE-AZRTOS-L5_V1.0.0, X-CUBE-AZRTOS-WL_V1.0.0, X-CUBE-BLE1_V6.2.1, X-CUBE-BLE2_V3.2.2, X-CUBE-EEPRMA1_V3.1.0, X-CUBE-GNSS1_V5.2.0, X-CUBE-MEMS1_V9.1.0, X-CUBE-NFC4_V2.0.3, X-CUBE-SFXS2LP1_V3.1.0, X-CUBE-SUBG2_V4.2.0]
2026-09-28 17:55:28,219 [INFO] DbExamplesSqlite:367 - Ignored 24 examples not supported by CubeIDE
2026-09-28 17:55:28,220 [INFO] DbExamplesSqlite:368 - Found 6135 examples active
2026-09-28 17:55:28,220 [INFO] DbExamplesSqlite:369 - Found 64 examples obsolete
2026-09-28 17:55:28,220 [INFO] DbExamplesSqlite:370 - Found 0 examples under development
2026-09-28 17:55:28,220 [INFO] DbExamplesSqlite:371 - Found 96 examples not building
2026-09-28 17:55:28,221 [INFO] DbExamples:124 - Found 6207 examples
2026-09-28 17:55:28,228 [INFO] DbExamples:221 - Found 77 boards with related examples
2026-09-28 17:55:28,228 [INFO] DbExamples:234 - Found 64 MCUs with related examples
2026-09-28 17:55:28,237 [INFO] ApiDb:407 - Load user favorites file /home/rmb/.stm32cubeide/favorites.examples.txt: 0 item(s)
2026-09-28 17:55:28,237 [INFO] ApiDb:411 - User favorites Examples=[]
2026-09-28 17:55:28,237 [INFO] DbExamples:249 - Set 0 / 0 favorites Examples
2026-09-28 17:55:28,541 [ERROR] MultiScanPanel:802 - Unable to refresh data
2026-09-28 17:55:33,528 [ERROR] ServerAccessManage:1058 - Problem during Server Connexion :  IO error Connection reset
2026-09-28 17:55:33,528 [ERROR] ServerAccessManage:1062 - Exception trace: 
java.net.SocketException: Connection reset
	at java.base/java.net.SocketInputStream.read(SocketInputStream.java:186)
	at java.base/java.net.SocketInputStream.read(SocketInputStream.java:140)
	at java.base/java.io.BufferedInputStream.fill(BufferedInputStream.java:252)
	at java.base/java.io.BufferedInputStream.read1(BufferedInputStream.java:292)
	at java.base/java.io.BufferedInputStream.read(BufferedInputStream.java:351)
	at java.base/sun.net.www.http.HttpClient.parseHTTPHeader(HttpClient.java:754)
	at java.base/sun.net.www.http.HttpClient.parseHTTP(HttpClient.java:689)
	at java.base/sun.net.www.http.HttpClient.parseHTTP(HttpClient.java:713)
	at java.base/sun.net.www.protocol.http.HttpURLConnection.getInputStream0(HttpURLConnection.java:1615)
	at java.base/sun.net.www.protocol.http.HttpURLConnection.getInputStream(HttpURLConnection.java:1520)
	at java.base/java.net.HttpURLConnection.getResponseCode(HttpURLConnection.java:527)
	at com.st.microxplorer.plugins.updater.engine.ServerAccessManage.openHttpConnexion(ServerAccessManage.java:919)
	at com.st.microxplorer.plugins.updater.engine.ServerAccessManage.readHttpFile(ServerAccessManage.java:301)
	at com.st.microxplorer.plugins.updater.engine.LoadServerUpdatesThread.processPdscEntry(LoadServerUpdatesThread.java:1222)
	at com.st.microxplorer.plugins.updater.engine.LoadServerUpdatesThread.processPackIndexEntries(LoadServerUpdatesThread.java:1149)
	at com.st.microxplorer.plugins.updater.engine.LoadServerUpdatesThread.processThirdPartyUpdaterIndexUrls(LoadServerUpdatesThread.java:1097)
	at com.st.microxplorer.plugins.updater.engine.LoadServerUpdatesThread.processThirdParties(LoadServerUpdatesThread.java:862)
	at com.st.microxplorer.plugins.updater.engine.LoadServerUpdatesThread.performFullUpdate(LoadServerUpdatesThread.java:448)
	at com.st.microxplorer.plugins.updater.engine.LoadServerUpdatesThread.run(LoadServerUpdatesThread.java:307)
2026-09-28 17:55:33,529 [ERROR] ServerAccessManage:537 - Problem during Server Connexion :  : STMicroelectronics.X-CUBE-BLEMGR.pdsc.
2026-09-28 17:55:37,117 [INFO] ServerAccessManage:359 - Download File STMicroelectronics.X-CUBE-DISPLAY.pdsc
2026-09-28 17:55:46,417 [INFO] ServerAccessManage:359 - Download File STMicroelectronics.X-CUBE-DPOWER.pdsc
2026-09-28 17:55:51,057 [ERROR] ServerAccessManage:975 - Problem, file not found on Server
2026-09-28 17:55:52,567 [ERROR] ServerAccessManage:975 - Problem, file not found on Server
2026-09-28 17:55:54,105 [ERROR] ServerAccessManage:975 - Problem, file not found on Server
2026-09-28 17:55:55,690 [ERROR] ServerAccessManage:975 - Problem, file not found on Server
2026-09-28 17:55:57,201 [ERROR] ServerAccessManage:975 - Problem, file not found on Server
2026-09-28 17:55:58,827 [ERROR] ServerAccessManage:975 - Problem, file not found on Server
2026-09-28 17:56:00,248 [ERROR] ServerAccessManage:975 - Problem, file not found on Server
2026-09-28 17:56:01,530 [ERROR] ServerAccessManage:975 - Problem, file not found on Server
2026-09-28 17:56:02,791 [ERROR] ServerAccessManage:975 - Problem, file not found on Server
2026-09-28 17:56:03,868 [ERROR] ServerAccessManage:975 - Problem, file not found on Server
2026-09-28 17:56:05,418 [ERROR] ServerAccessManage:975 - Problem, file not found on Server
2026-09-28 17:56:06,536 [INFO] ServerAccessManage:359 - Download File STMicroelectronics.X-CUBE-EEPRMA1.pdsc
2026-09-28 17:56:09,887 [ERROR] ServerAccessManage:975 - Problem, file not found on Server
2026-09-28 17:56:12,458 [ERROR] ServerAccessManage:975 - Problem, file not found on Server
2026-09-28 17:56:15,403 [INFO] ServerAccessManage:359 - Download File STMicroelectronics.X-CUBE-FREERTOS.pdsc
2026-09-28 17:56:26,273 [INFO] ServerAccessManage:359 - Download File STMicroelectronics.X-CUBE-GNSS1.pdsc
2026-09-28 17:56:43,467 [ERROR] ServerAccessManage:975 - Problem, file not found on Server
2026-09-28 17:56:44,821 [ERROR] ServerAccessManage:975 - Problem, file not found on Server
2026-09-28 17:56:46,212 [ERROR] ServerAccessManage:975 - Problem, file not found on Server
2026-09-28 17:56:47,511 [ERROR] ServerAccessManage:975 - Problem, file not found on Server
2026-09-28 17:56:48,814 [ERROR] ServerAccessManage:975 - Problem, file not found on Server
2026-09-28 17:56:50,368 [ERROR] ServerAccessManage:975 - Problem, file not found on Server
2026-09-28 17:56:51,744 [INFO] ServerAccessManage:359 - Download File STMicroelectronics.X-CUBE-ISPU.pdsc
2026-09-28 17:57:00,855 [INFO] ServerAccessManage:359 - Download File STMicroelectronics.X-CUBE-IPS.pdsc
2026-09-28 17:57:06,098 [INFO] ServerAccessManage:359 - Download File STMicroelectronics.X-CUBE-MEMS1.pdsc
2026-09-28 17:57:40,714 [INFO] McuFinderGlobals:52 - Set McuFinderConnectedMode to true
2026-09-28 17:57:40,716 [INFO] ApiDb:432 - Save user favorites file /home/rmb/.stm32cubeide/favorites.mcus.txt: 0 item(s)
2026-09-28 17:57:40,716 [INFO] ApiDb:436 - User favorites MCUs=[]
2026-09-28 17:57:40,718 [ERROR] LogOutputStream:74 - [STDERR_REDIRECT] Exception in thread "AWT-EventQueue-0" java.lang.NullPointerException
2026-09-28 17:57:40,719 [ERROR] LogOutputStream:74 - [STDERR_REDIRECT] 	at com.st.stm32cube.common.mx.targetselector.TargetSelectorAdapter.getBoard(TargetSelectorAdapter.java:340)
2026-09-28 17:57:40,720 [ERROR] LogOutputStream:74 - [STDERR_REDIRECT] 	at com.st.stm32cube.common.projectcreation.ui.wizard.TargetSetupPageAbstract.getSelectedTargetName(TargetSetupPageAbstract.java:441)
2026-09-28 17:57:40,720 [ERROR] LogOutputStream:74 - [STDERR_REDIRECT] 	at com.st.stm32cube.common.projectcreation.ui.wizard.TargetSetupPageAbstract$1.targetSelected(TargetSetupPageAbstract.java:110)
2026-09-28 17:57:40,720 [ERROR] LogOutputStream:74 - [STDERR_REDIRECT] 	at com.st.stm32cube.common.mx.targetselector.TargetSelectorAdapter.doOnTargetSelectionUpdate(TargetSelectorAdapter.java:125)
2026-09-28 17:57:40,721 [ERROR] LogOutputStream:74 - [STDERR_REDIRECT] 	at com.st.stm32cube.common.mx.targetselector.TargetSelectorAdapter$5$1$1.doOnTargetSelectionUpdate(TargetSelectorAdapter.java:273)
2026-09-28 17:57:40,721 [ERROR] LogOutputStream:74 - [STDERR_REDIRECT] 	at com.st.stm32cube.common.mx.targetselector.IdeMcuFinder.doOnMcuTableEvent(IdeMcuFinder.java:661)
2026-09-28 17:57:40,721 [ERROR] LogOutputStream:74 - [STDERR_REDIRECT] 	at com.st.stm32cube.common.mx.targetselector.IdeMcuFinder$1.valueChanged(IdeMcuFinder.java:243)
2026-09-28 17:57:40,722 [ERROR] LogOutputStream:74 - [STDERR_REDIRECT] 	at java.desktop/javax.swing.DefaultListSelectionModel.fireValueChanged(DefaultListSelectionModel.java:219)
2026-09-28 17:57:40,722 [ERROR] LogOutputStream:74 - [STDERR_REDIRECT] 	at java.desktop/javax.swing.DefaultListSelectionModel.fireValueChanged(DefaultListSelectionModel.java:199)
2026-09-28 17:57:40,722 [ERROR] LogOutputStream:74 - [STDERR_REDIRECT] 	at java.desktop/javax.swing.DefaultListSelectionModel.fireValueChanged(DefaultListSelectionModel.java:246)
2026-09-28 17:57:40,722 [ERROR] LogOutputStream:74 - [STDERR_REDIRECT] 	at java.desktop/javax.swing.DefaultListSelectionModel.changeSelection(DefaultListSelectionModel.java:443)
2026-09-28 17:57:40,722 [ERROR] LogOutputStream:74 - [STDERR_REDIRECT] 	at java.desktop/javax.swing.DefaultListSelectionModel.changeSelection(DefaultListSelectionModel.java:453)
2026-09-28 17:57:40,722 [ERROR] LogOutputStream:74 - [STDERR_REDIRECT] 	at java.desktop/javax.swing.DefaultListSelectionModel.removeSelectionIntervalImpl(DefaultListSelectionModel.java:614)
2026-09-28 17:57:40,723 [ERROR] LogOutputStream:74 - [STDERR_REDIRECT] 	at java.desktop/javax.swing.DefaultListSelectionModel.clearSelection(DefaultListSelectionModel.java:458)
2026-09-28 17:57:40,723 [ERROR] LogOutputStream:74 - [STDERR_REDIRECT] 	at java.desktop/javax.swing.JTable.restoreSortingSelection(JTable.java:4215)
2026-09-28 17:57:40,723 [ERROR] LogOutputStream:74 - [STDERR_REDIRECT] 	at java.desktop/javax.swing.JTable$SortManager.restoreSelection(JTable.java:4028)
2026-09-28 17:57:40,723 [ERROR] LogOutputStream:74 - [STDERR_REDIRECT] 	at java.desktop/javax.swing.JTable$SortManager.processChange(JTable.java:4002)
2026-09-28 17:57:40,724 [ERROR] LogOutputStream:74 - [STDERR_REDIRECT] 	at java.desktop/javax.swing.JTable.sortedTableChanged(JTable.java:4134)
2026-09-28 17:57:40,724 [ERROR] LogOutputStream:74 - [STDERR_REDIRECT] 	at java.desktop/javax.swing.JTable.tableChanged(JTable.java:4400)
2026-09-28 17:57:40,724 [ERROR] LogOutputStream:74 - [STDERR_REDIRECT] 	at org.jdesktop.swingx.JXTable.tableChanged(JXTable.java:1529)
2026-09-28 17:57:40,724 [ERROR] LogOutputStream:74 - [STDERR_REDIRECT] 	at java.desktop/javax.swing.table.AbstractTableModel.fireTableChanged(AbstractTableModel.java:297)
2026-09-28 17:57:40,724 [ERROR] LogOutputStream:74 - [STDERR_REDIRECT] 	at java.desktop/javax.swing.table.AbstractTableModel.fireTableRowsDeleted(AbstractTableModel.java:262)
2026-09-28 17:57:40,724 [ERROR] LogOutputStream:74 - [STDERR_REDIRECT] 	at java.desktop/javax.swing.table.DefaultTableModel.setNumRows(DefaultTableModel.java:326)
2026-09-28 17:57:40,724 [ERROR] LogOutputStream:74 - [STDERR_REDIRECT] 	at java.desktop/javax.swing.table.DefaultTableModel.setRowCount(DefaultTableModel.java:346)
2026-09-28 17:57:40,724 [ERROR] LogOutputStream:74 - [STDERR_REDIRECT] 	at com.st.components.swing.DynamicCellTableModel.removeAll(DynamicCellTableModel.java:159)
2026-09-28 17:57:40,724 [ERROR] LogOutputStream:74 - [STDERR_REDIRECT] 	at com.st.microxplorer.mcufinder.gui.selector.ResultTable.removeAllItems(ResultTable.java:390)
2026-09-28 17:57:40,725 [ERROR] LogOutputStream:74 - [STDERR_REDIRECT] 	at com.st.microxplorer.mcufinder.gui.selector.ResultTable.cleanUp(ResultTable.java:182)
2026-09-28 17:57:40,725 [ERROR] LogOutputStream:74 - [STDERR_REDIRECT] 	at com.st.microxplorer.mcufinder.gui.selector.MultiScanPanel.cleanUp(MultiScanPanel.java:540)
2026-09-28 17:57:40,725 [ERROR] LogOutputStream:74 - [STDERR_REDIRECT] 	at com.st.microxplorer.mcufinder.gui.selector.MultiSelectorPanel.cleanUp(MultiSelectorPanel.java:104)
2026-09-28 17:57:40,725 [ERROR] LogOutputStream:74 - [STDERR_REDIRECT] 	at com.st.stm32cube.common.mx.targetselector.IdeMcuFinder.cleanUp(IdeMcuFinder.java:1667)
2026-09-28 17:57:40,725 [ERROR] LogOutputStream:74 - [STDERR_REDIRECT] 	at com.st.stm32cube.common.mx.targetselector.TargetSelectorAdapter$6.run(TargetSelectorAdapter.java:321)
2026-09-28 17:57:40,725 [ERROR] LogOutputStream:74 - [STDERR_REDIRECT] 	at com.st.stm32cube.common.mx.oss.core.awtswtbridge.AwtEnvironment$2.run(AwtEnvironment.java:166)
2026-09-28 17:57:40,725 [ERROR] LogOutputStream:74 - [STDERR_REDIRECT] 	at java.desktop/java.awt.event.InvocationEvent.dispatch(InvocationEvent.java:313)
2026-09-28 17:57:40,725 [ERROR] LogOutputStream:74 - [STDERR_REDIRECT] 	at java.desktop/java.awt.EventQueue.dispatchEventImpl(EventQueue.java:770)
2026-09-28 17:57:40,726 [ERROR] LogOutputStream:74 - [STDERR_REDIRECT] 	at java.desktop/java.awt.EventQueue$4.run(EventQueue.java:721)
2026-09-28 17:57:40,726 [ERROR] LogOutputStream:74 - [STDERR_REDIRECT] 	at java.desktop/java.awt.EventQueue$4.run(EventQueue.java:715)
2026-09-28 17:57:40,726 [ERROR] LogOutputStream:74 - [STDERR_REDIRECT] 	at java.base/java.security.AccessController.doPrivileged(Native Method)
2026-09-28 17:57:40,726 [ERROR] LogOutputStream:74 - [STDERR_REDIRECT] 	at java.base/java.security.ProtectionDomain$JavaSecurityAccessImpl.doIntersectionPrivilege(ProtectionDomain.java:85)
2026-09-28 17:57:40,726 [ERROR] LogOutputStream:74 - [STDERR_REDIRECT] 	at java.desktop/java.awt.EventQueue.dispatchEvent(EventQueue.java:740)
2026-09-28 17:57:40,726 [ERROR] LogOutputStream:74 - [STDERR_REDIRECT] 	at java.desktop/java.awt.EventDispatchThread.pumpOneEventForFilters(EventDispatchThread.java:203)
2026-09-28 17:57:40,726 [ERROR] LogOutputStream:74 - [STDERR_REDIRECT] 	at java.desktop/java.awt.EventDispatchThread.pumpEventsForFilter(EventDispatchThread.java:124)
2026-09-28 17:57:40,726 [ERROR] LogOutputStream:74 - [STDERR_REDIRECT] 	at java.desktop/java.awt.EventDispatchThread.pumpEventsForHierarchy(EventDispatchThread.java:113)
2026-09-28 17:57:40,727 [ERROR] LogOutputStream:74 - [STDERR_REDIRECT] 	at java.desktop/java.awt.EventDispatchThread.pumpEvents(EventDispatchThread.java:109)
2026-09-28 17:57:40,727 [ERROR] LogOutputStream:74 - [STDERR_REDIRECT] 	at java.desktop/java.awt.EventDispatchThread.pumpEvents(EventDispatchThread.java:101)
2026-09-28 17:57:40,727 [ERROR] LogOutputStream:74 - [STDERR_REDIRECT] 	at java.desktop/java.awt.EventDispatchThread.run(EventDispatchThread.java:90)
2026-09-28 17:57:40,727 [ERROR] LogOutputStream:74 - [STDERR_REDIRECT] Exception in thread "AWT-EventQueue-0" java.lang.NullPointerException
2026-09-28 17:57:40,727 [ERROR] LogOutputStream:74 - [STDERR_REDIRECT] 	at com.st.stm32cube.common.mx.targetselector.TargetSelectorAdapter$6.run(TargetSelectorAdapter.java:321)
2026-09-28 17:57:40,728 [ERROR] LogOutputStream:74 - [STDERR_REDIRECT] 	at com.st.stm32cube.common.mx.oss.core.awtswtbridge.AwtEnvironment$2.run(AwtEnvironment.java:166)
2026-09-28 17:57:40,728 [ERROR] LogOutputStream:74 - [STDERR_REDIRECT] 	at java.desktop/java.awt.event.InvocationEvent.dispatch(InvocationEvent.java:313)
2026-09-28 17:57:40,728 [ERROR] LogOutputStream:74 - [STDERR_REDIRECT] 	at java.desktop/java.awt.EventQueue.dispatchEventImpl(EventQueue.java:770)
2026-09-28 17:57:40,728 [ERROR] LogOutputStream:74 - [STDERR_REDIRECT] 	at java.desktop/java.awt.EventQueue$4.run(EventQueue.java:721)
2026-09-28 17:57:40,728 [ERROR] LogOutputStream:74 - [STDERR_REDIRECT] 	at java.desktop/java.awt.EventQueue$4.run(EventQueue.java:715)
2026-09-28 17:57:40,728 [ERROR] LogOutputStream:74 - [STDERR_REDIRECT] 	at java.base/java.security.AccessController.doPrivileged(Native Method)
2026-09-28 17:57:40,728 [ERROR] LogOutputStream:74 - [STDERR_REDIRECT] 	at java.base/java.security.ProtectionDomain$JavaSecurityAccessImpl.doIntersectionPrivilege(ProtectionDomain.java:85)
2026-09-28 17:57:40,728 [ERROR] LogOutputStream:74 - [STDERR_REDIRECT] 	at java.desktop/java.awt.EventQueue.dispatchEvent(EventQueue.java:740)
2026-09-28 17:57:40,728 [ERROR] LogOutputStream:74 - [STDERR_REDIRECT] 	at java.desktop/java.awt.EventDispatchThread.pumpOneEventForFilters(EventDispatchThread.java:203)
2026-09-28 17:57:40,728 [ERROR] LogOutputStream:74 - [STDERR_REDIRECT] 	at java.desktop/java.awt.EventDispatchThread.pumpEventsForFilter(EventDispatchThread.java:124)
2026-09-28 17:57:40,728 [ERROR] LogOutputStream:74 - [STDERR_REDIRECT] 	at java.desktop/java.awt.EventDispatchThread.pumpEventsForHierarchy(EventDispatchThread.java:113)
2026-09-28 17:57:40,728 [ERROR] LogOutputStream:74 - [STDERR_REDIRECT] 	at java.desktop/java.awt.EventDispatchThread.pumpEvents(EventDispatchThread.java:109)
2026-09-28 17:57:40,728 [ERROR] LogOutputStream:74 - [STDERR_REDIRECT] 	at java.desktop/java.awt.EventDispatchThread.pumpEvents(EventDispatchThread.java:101)
2026-09-28 17:57:40,728 [ERROR] LogOutputStream:74 - [STDERR_REDIRECT] 	at java.desktop/java.awt.EventDispatchThread.run(EventDispatchThread.java:90)
2026-09-28 17:57:40,762 [INFO] McuFinderGlobals:52 - Set McuFinderConnectedMode to true
2026-09-28 17:57:40,762 [INFO] MultiScanPanel:195 - Auto-refresh data requested => check proxy status ongoing
2026-09-28 17:57:40,762 [INFO] FinderPluginLoader:87 - Searching for filters in installed packs
2026-09-28 17:57:41,080 [ERROR] WebUtils:379 - Updater is busy
2026-09-28 17:57:41,081 [WARN] DetailPanel:320 - Failed to get advertising image, set to default
2026-09-28 17:57:41,285 [INFO] MultiScanPanel:787 - Auto Refresh Data is needed due to updater interval setting
2026-09-28 17:57:41,287 [ERROR] WebUtils:638 - Updater is busy
2026-09-28 17:57:42,718 [ERROR] ConfigurationRetriever:139 - IOException on connection: Read timed out
2026-09-28 17:57:43,174 [INFO] ServerAccessManage:359 - Download File STMicroelectronics.X-CUBE-NFC4.pdsc
2026-09-28 17:57:43,758 [INFO] DbMcusAds:47 - JSON generation date=Thu Sep 30 09:55:09 MSK 2021 (1632984909247)
2026-09-28 17:57:43,758 [INFO] ApiDb:432 - Save user favorites file /home/rmb/.stm32cubeide/favorites.mcus.txt: 0 item(s)
2026-09-28 17:57:43,758 [INFO] ApiDb:436 - User favorites MCUs=[]
2026-09-28 17:57:43,760 [INFO] ApiDb:567 - Connected to CubeFinder SQLite database (/home/rmb/.stmcufinder/plugins/mcufinder/mcu/cube-finder-db.db)
2026-09-28 17:57:43,765 [INFO] ApiDb:654 - CubeFinder database Data Model version=2.1
2026-09-28 17:57:43,765 [INFO] ApiDb:655 - CubeFinder database Configuration version=3.0.28
2026-09-28 17:57:43,765 [INFO] ApiDb:656 - CubeFinder database generation date=2022-02-18 (1645170766)
2026-09-28 17:57:43,765 [INFO] ApiDb:657 - CubeFinder database FW Pack versions=[STM32Cube_FW_C0_V1.0.0, STM32Cube_FW_F4_V1.27.0, STM32Cube_FW_F7_V1.16.2, STM32Cube_FW_G0_V1.5.0, STM32Cube_FW_G4_V1.5.0, STM32Cube_FW_H7_V1.10.0, STM32Cube_FW_L5_V1.4.0, STM32Cube_FW_U5_V1.1.0, STM32Cube_FW_WB_V1.13.1, STM32Cube_FW_WL_V1.2.0, X-CUBE-ALGOBUILD_V1.3.0, X-CUBE-ALS_V1.0.1, X-CUBE-AZRTOS-F4_V1.0.0, X-CUBE-AZRTOS-F7_V1.0.0, X-CUBE-AZRTOS-G0_V1.0.0, X-CUBE-AZRTOS-G4_V1.0.0, X-CUBE-AZRTOS-H7_V2.0.0, X-CUBE-AZRTOS-L4_V1.0.0, X-CUBE-AZRTOS-L5_V1.0.0, X-CUBE-AZRTOS-WL_V1.0.0, X-CUBE-BLE1_V6.2.1, X-CUBE-BLE2_V3.2.2, X-CUBE-EEPRMA1_V3.1.0, X-CUBE-GNSS1_V5.2.0, X-CUBE-MEMS1_V9.1.0, X-CUBE-NFC4_V2.0.3, X-CUBE-SFXS2LP1_V3.1.0, X-CUBE-SUBG2_V4.2.0]
2026-09-28 17:57:44,484 [INFO] ApiDb:212 - Found 97 in-development CPN: [NUCLEO-C031C6, STM32C0116-DK, STM32C011D6Y3TR, STM32C011D6Y6TR, STM32C011F4P3, STM32C011F4P6, STM32C011F4U3, STM32C011F4U6TR, STM32C011F6P3, STM32C011F6P6, STM32C011F6U3, STM32C011F6U6TR, STM32C011J4M3, STM32C011J4M6, STM32C011J6M3, STM32C011J6M6, STM32C0316-DK, STM32C031C4T3, STM32C031C4T6, STM32C031C4U3, STM32C031C4U6, STM32C031C6T3, STM32C031C6T6, STM32C031C6U3, STM32C031C6U6, STM32C031F4P3, STM32C031F4P6, STM32C031F6P3, STM32C031F6P6, STM32C031G4U3, STM32C031G4U6, STM32C031G6U3, STM32C031G6U6, STM32C031K4T3, STM32C031K4T6, STM32C031K4U3, STM32C031K4U6, STM32C031K6T3, STM32C031K6T6, STM32C031K6U3, STM32C031K6U6, STM32G071K8TXN, STM32G071K8UXN, STM32G081GBU6N, STM32G081KBT6N, STM32G081KBUXN, STM32G0B1CCT6N, STM32G0B1KCT6, STM32G0B1NEY6, STM32G0B1NEY6TR, STM32G0B1RCT6N, STM32G0C1CCT6, STM32G0C1CCT6N, STM32G0C1CCU6N, STM32G0C1CET6N, STM32G0C1CEU6N, STM32G0C1KCT6, STM32G0C1NEY6TR, STM32G0C1RCI6N, STM32G0C1RCT6N, STM32G0C1REI6N, STM32G0C1RET6N, STM32G0C1VCI6, STM32G0C1VEI6, STM32G471CCT6, STM32G471CCU6, STM32G471CET3, STM32G471CET6, STM32G471CEU3, STM32G471CEU6, STM32G471MCT6, STM32G471MET3, STM32G471MET6, STM32G471MEY6TR, STM32G471QCT6, STM32G471QET3, STM32G471RCT6, STM32G471RET3, STM32G471RET6, STM32G471VCH6, STM32G471VCI6, STM32G471VCT6, STM32G471VEH3, STM32G471VEH6, STM32G471VEI3, STM32G471VEI6, STM32G471VET3, STM32G471VET6, STM32G474CCT6, STM32L4R5QGI6STR, STM32U595ZJT6Q, STM32U599BJY6QTR, STM32U599NIH6Q, STM32U599NJH6Q, STM32U5A5ZJT6Q, STM32U5A9BJY6QTR, STM32U5A9NJH6Q]
2026-09-28 17:57:44,485 [INFO] DbMcus:201 - Found 3458 MCUs, 3458 are supported
2026-09-28 17:57:44,485 [INFO] ApiDb:407 - Load user favorites file /home/rmb/.stm32cubeide/favorites.mcus.txt: 0 item(s)
2026-09-28 17:57:44,485 [INFO] ApiDb:411 - User favorites MCUs=[]
2026-09-28 17:57:44,485 [INFO] DbMcus:207 - Set 0 / 0 favorites MCUs
2026-09-28 17:57:44,597 [INFO] ApiDb:432 - Save user favorites file /home/rmb/.stm32cubeide/favorites.boards.txt: 0 item(s)
2026-09-28 17:57:44,598 [INFO] ApiDb:436 - User favorites Boards=[]
2026-09-28 17:57:44,599 [INFO] ApiDb:567 - Connected to CubeFinder SQLite database (/home/rmb/.stmcufinder/plugins/mcufinder/mcu/cube-finder-db.db)
2026-09-28 17:57:44,606 [INFO] ApiDb:654 - CubeFinder database Data Model version=2.1
2026-09-28 17:57:44,606 [INFO] ApiDb:655 - CubeFinder database Configuration version=3.0.28
2026-09-28 17:57:44,607 [INFO] ApiDb:656 - CubeFinder database generation date=2022-02-18 (1645170766)
2026-09-28 17:57:44,607 [INFO] ApiDb:657 - CubeFinder database FW Pack versions=[STM32Cube_FW_C0_V1.0.0, STM32Cube_FW_F4_V1.27.0, STM32Cube_FW_F7_V1.16.2, STM32Cube_FW_G0_V1.5.0, STM32Cube_FW_G4_V1.5.0, STM32Cube_FW_H7_V1.10.0, STM32Cube_FW_L5_V1.4.0, STM32Cube_FW_U5_V1.1.0, STM32Cube_FW_WB_V1.13.1, STM32Cube_FW_WL_V1.2.0, X-CUBE-ALGOBUILD_V1.3.0, X-CUBE-ALS_V1.0.1, X-CUBE-AZRTOS-F4_V1.0.0, X-CUBE-AZRTOS-F7_V1.0.0, X-CUBE-AZRTOS-G0_V1.0.0, X-CUBE-AZRTOS-G4_V1.0.0, X-CUBE-AZRTOS-H7_V2.0.0, X-CUBE-AZRTOS-L4_V1.0.0, X-CUBE-AZRTOS-L5_V1.0.0, X-CUBE-AZRTOS-WL_V1.0.0, X-CUBE-BLE1_V6.2.1, X-CUBE-BLE2_V3.2.2, X-CUBE-EEPRMA1_V3.1.0, X-CUBE-GNSS1_V5.2.0, X-CUBE-MEMS1_V9.1.0, X-CUBE-NFC4_V2.0.3, X-CUBE-SFXS2LP1_V3.1.0, X-CUBE-SUBG2_V4.2.0]
2026-09-28 17:57:44,636 [INFO] DbBoardsSqlite:220 - include board P-NUCLEO-WB55-NUCLEO as a kit item of type 'Nucleo-64'
2026-09-28 17:57:44,636 [INFO] DbBoardsSqlite:220 - include board P-NUCLEO-WB55-USBDONGLE as a kit item of type 'Nucleo USB Dongle'
2026-09-28 17:57:44,636 [INFO] DbBoardsSqlite:220 - include board STEVAL-IDP005V1 as a kit item of type 'Evaluation Board'
2026-09-28 17:57:44,636 [INFO] DbBoardsSqlite:220 - include board STEVAL-IDP005V2 as a kit item of type 'Evaluation Board'
2026-09-28 17:57:44,639 [INFO] ApiDb:212 - Found 97 in-development CPN: [NUCLEO-C031C6, STM32C0116-DK, STM32C011D6Y3TR, STM32C011D6Y6TR, STM32C011F4P3, STM32C011F4P6, STM32C011F4U3, STM32C011F4U6TR, STM32C011F6P3, STM32C011F6P6, STM32C011F6U3, STM32C011F6U6TR, STM32C011J4M3, STM32C011J4M6, STM32C011J6M3, STM32C011J6M6, STM32C0316-DK, STM32C031C4T3, STM32C031C4T6, STM32C031C4U3, STM32C031C4U6, STM32C031C6T3, STM32C031C6T6, STM32C031C6U3, STM32C031C6U6, STM32C031F4P3, STM32C031F4P6, STM32C031F6P3, STM32C031F6P6, STM32C031G4U3, STM32C031G4U6, STM32C031G6U3, STM32C031G6U6, STM32C031K4T3, STM32C031K4T6, STM32C031K4U3, STM32C031K4U6, STM32C031K6T3, STM32C031K6T6, STM32C031K6U3, STM32C031K6U6, STM32G071K8TXN, STM32G071K8UXN, STM32G081GBU6N, STM32G081KBT6N, STM32G081KBUXN, STM32G0B1CCT6N, STM32G0B1KCT6, STM32G0B1NEY6, STM32G0B1NEY6TR, STM32G0B1RCT6N, STM32G0C1CCT6, STM32G0C1CCT6N, STM32G0C1CCU6N, STM32G0C1CET6N, STM32G0C1CEU6N, STM32G0C1KCT6, STM32G0C1NEY6TR, STM32G0C1RCI6N, STM32G0C1RCT6N, STM32G0C1REI6N, STM32G0C1RET6N, STM32G0C1VCI6, STM32G0C1VEI6, STM32G471CCT6, STM32G471CCU6, STM32G471CET3, STM32G471CET6, STM32G471CEU3, STM32G471CEU6, STM32G471MCT6, STM32G471MET3, STM32G471MET6, STM32G471MEY6TR, STM32G471QCT6, STM32G471QET3, STM32G471RCT6, STM32G471RET3, STM32G471RET6, STM32G471VCH6, STM32G471VCI6, STM32G471VCT6, STM32G471VEH3, STM32G471VEH6, STM32G471VEI3, STM32G471VEI6, STM32G471VET3, STM32G471VET6, STM32G474CCT6, STM32L4R5QGI6STR, STM32U595ZJT6Q, STM32U599BJY6QTR, STM32U599NIH6Q, STM32U599NJH6Q, STM32U5A5ZJT6Q, STM32U5A9BJY6QTR, STM32U5A9NJH6Q]
2026-09-28 17:57:44,640 [INFO] BoardInfo:872 - No configuration file found for board B-G431B-ESC1
2026-09-28 17:57:44,640 [INFO] DbBoards:144 - Board is not supported: B-G431B-ESC1
2026-09-28 17:57:44,642 [INFO] BoardInfo:872 - No configuration file found for board I-NUCLEO-LRWAN1
2026-09-28 17:57:44,642 [INFO] DbBoards:144 - Board is not supported: I-NUCLEO-LRWAN1
2026-09-28 17:57:44,663 [INFO] BoardInfo:872 - No configuration file found for board P-NUCLEO-WB55
2026-09-28 17:57:44,663 [INFO] DbBoards:144 - Kit is not supported: P-NUCLEO-WB55
2026-09-28 17:57:44,664 [INFO] BoardInfo:872 - No configuration file found for board STEVAL-BFA001V1B
2026-09-28 17:57:44,664 [INFO] DbBoards:144 - Kit is not supported: STEVAL-BFA001V1B
2026-09-28 17:57:44,664 [INFO] BoardInfo:872 - No configuration file found for board STEVAL-BFA001V2B
2026-09-28 17:57:44,664 [INFO] DbBoards:144 - Kit is not supported: STEVAL-BFA001V2B
2026-09-28 17:57:44,699 [INFO] DbBoards:148 - Found 174 boards, 169 are supported
2026-09-28 17:57:44,699 [INFO] ApiDb:407 - Load user favorites file /home/rmb/.stm32cubeide/favorites.boards.txt: 0 item(s)
2026-09-28 17:57:44,699 [INFO] ApiDb:411 - User favorites Boards=[]
2026-09-28 17:57:44,700 [INFO] DbBoards:174 - Set 0 / 0 favorites Boards
2026-09-28 17:57:44,835 [INFO] ApiDb:432 - Save user favorites file /home/rmb/.stm32cubeide/favorites.examples.txt: 0 item(s)
2026-09-28 17:57:44,835 [INFO] ApiDb:436 - User favorites Examples=[]
2026-09-28 17:57:44,836 [INFO] ApiDb:567 - Connected to CubeFinder SQLite database (/home/rmb/.stmcufinder/plugins/mcufinder/mcu/cube-finder-db.db)
2026-09-28 17:57:44,840 [INFO] ApiDb:654 - CubeFinder database Data Model version=2.1
2026-09-28 17:57:44,840 [INFO] ApiDb:655 - CubeFinder database Configuration version=3.0.28
2026-09-28 17:57:44,840 [INFO] ApiDb:656 - CubeFinder database generation date=2022-02-18 (1645170766)
2026-09-28 17:57:44,840 [INFO] ApiDb:657 - CubeFinder database FW Pack versions=[STM32Cube_FW_C0_V1.0.0, STM32Cube_FW_F4_V1.27.0, STM32Cube_FW_F7_V1.16.2, STM32Cube_FW_G0_V1.5.0, STM32Cube_FW_G4_V1.5.0, STM32Cube_FW_H7_V1.10.0, STM32Cube_FW_L5_V1.4.0, STM32Cube_FW_U5_V1.1.0, STM32Cube_FW_WB_V1.13.1, STM32Cube_FW_WL_V1.2.0, X-CUBE-ALGOBUILD_V1.3.0, X-CUBE-ALS_V1.0.1, X-CUBE-AZRTOS-F4_V1.0.0, X-CUBE-AZRTOS-F7_V1.0.0, X-CUBE-AZRTOS-G0_V1.0.0, X-CUBE-AZRTOS-G4_V1.0.0, X-CUBE-AZRTOS-H7_V2.0.0, X-CUBE-AZRTOS-L4_V1.0.0, X-CUBE-AZRTOS-L5_V1.0.0, X-CUBE-AZRTOS-WL_V1.0.0, X-CUBE-BLE1_V6.2.1, X-CUBE-BLE2_V3.2.2, X-CUBE-EEPRMA1_V3.1.0, X-CUBE-GNSS1_V5.2.0, X-CUBE-MEMS1_V9.1.0, X-CUBE-NFC4_V2.0.3, X-CUBE-SFXS2LP1_V3.1.0, X-CUBE-SUBG2_V4.2.0]
2026-09-28 17:57:45,083 [INFO] DbExamplesSqlite:367 - Ignored 24 examples not supported by CubeIDE
2026-09-28 17:57:45,083 [INFO] DbExamplesSqlite:368 - Found 6135 examples active
2026-09-28 17:57:45,083 [INFO] DbExamplesSqlite:369 - Found 64 examples obsolete
2026-09-28 17:57:45,083 [INFO] DbExamplesSqlite:370 - Found 0 examples under development
2026-09-28 17:57:45,083 [INFO] DbExamplesSqlite:371 - Found 96 examples not building
2026-09-28 17:57:45,085 [INFO] DbExamples:124 - Found 6207 examples
2026-09-28 17:57:45,089 [INFO] DbExamples:221 - Found 77 boards with related examples
2026-09-28 17:57:45,089 [INFO] DbExamples:234 - Found 64 MCUs with related examples
2026-09-28 17:57:45,097 [INFO] ApiDb:407 - Load user favorites file /home/rmb/.stm32cubeide/favorites.examples.txt: 0 item(s)
2026-09-28 17:57:45,097 [INFO] ApiDb:411 - User favorites Examples=[]
2026-09-28 17:57:45,097 [INFO] DbExamples:249 - Set 0 / 0 favorites Examples
2026-09-28 17:57:45,307 [ERROR] MultiScanPanel:802 - Unable to refresh data
2026-09-28 17:57:48,184 [ERROR] ConfigurationRetriever:139 - IOException on connection: Read timed out
2026-09-28 17:57:53,224 [ERROR] ServerAccessManage:1058 - Problem during Server Connexion :  IO error Connection reset
2026-09-28 17:57:53,225 [ERROR] ServerAccessManage:1062 - Exception trace: 
javax.net.ssl.SSLException: Connection reset
	at java.base/sun.security.ssl.Alert.createSSLException(Alert.java:127)
	at java.base/sun.security.ssl.TransportContext.fatal(TransportContext.java:349)
	at java.base/sun.security.ssl.TransportContext.fatal(TransportContext.java:292)
	at java.base/sun.security.ssl.TransportContext.fatal(TransportContext.java:287)
	at java.base/sun.security.ssl.SSLTransport.decode(SSLTransport.java:144)
	at java.base/sun.security.ssl.SSLSocketImpl.decode(SSLSocketImpl.java:1418)
	at java.base/sun.security.ssl.SSLSocketImpl.readHandshakeRecord(SSLSocketImpl.java:1324)
	at java.base/sun.security.ssl.SSLSocketImpl.startHandshake(SSLSocketImpl.java:440)
	at java.base/sun.security.ssl.SSLSocketImpl.startHandshake(SSLSocketImpl.java:411)
	at java.base/sun.net.www.protocol.https.HttpsClient.afterConnect(HttpsClient.java:567)
	at java.base/sun.net.www.protocol.https.AbstractDelegateHttpsURLConnection.connect(AbstractDelegateHttpsURLConnection.java:197)
	at java.base/sun.net.www.protocol.http.HttpURLConnection.getInputStream0(HttpURLConnection.java:1592)
	at java.base/sun.net.www.protocol.http.HttpURLConnection.getInputStream(HttpURLConnection.java:1520)
	at java.base/java.net.HttpURLConnection.getResponseCode(HttpURLConnection.java:527)
	at java.base/sun.net.www.protocol.https.HttpsURLConnectionImpl.getResponseCode(HttpsURLConnectionImpl.java:334)
	at com.st.microxplorer.plugins.updater.engine.ServerAccessManage.openHttpConnexion(ServerAccessManage.java:919)
	at com.st.microxplorer.plugins.updater.engine.ServerAccessManage.openHttpConnexion(ServerAccessManage.java:960)
	at com.st.microxplorer.plugins.updater.engine.ServerAccessManage.getHttpFileSize(ServerAccessManage.java:592)
	at com.st.microxplorer.plugins.updater.engine.LoadServerUpdatesThread.addUpdaterFile(LoadServerUpdatesThread.java:1348)
	at com.st.microxplorer.plugins.updater.engine.LoadServerUpdatesThread.processPackIndexEntries(LoadServerUpdatesThread.java:1153)
	at com.st.microxplorer.plugins.updater.engine.LoadServerUpdatesThread.processThirdPartyUpdaterIndexUrls(LoadServerUpdatesThread.java:1097)
	at com.st.microxplorer.plugins.updater.engine.LoadServerUpdatesThread.processThirdParties(LoadServerUpdatesThread.java:862)
	at com.st.microxplorer.plugins.updater.engine.LoadServerUpdatesThread.performFullUpdate(LoadServerUpdatesThread.java:448)
	at com.st.microxplorer.plugins.updater.engine.LoadServerUpdatesThread.run(LoadServerUpdatesThread.java:307)
	Suppressed: java.net.SocketException: Broken pipe (Write failed)
		at java.base/java.net.SocketOutputStream.socketWrite0(Native Method)
		at java.base/java.net.SocketOutputStream.socketWrite(SocketOutputStream.java:110)
		at java.base/java.net.SocketOutputStream.write(SocketOutputStream.java:150)
		at java.base/sun.security.ssl.SSLSocketOutputRecord.encodeAlert(SSLSocketOutputRecord.java:81)
		at java.base/sun.security.ssl.TransportContext.fatal(TransportContext.java:380)
		... 22 more
Caused by: java.net.SocketException: Connection reset
	at java.base/java.net.SocketInputStream.read(SocketInputStream.java:186)
	at java.base/java.net.SocketInputStream.read(SocketInputStream.java:140)
	at java.base/sun.security.ssl.SSLSocketInputRecord.read(SSLSocketInputRecord.java:478)
	at java.base/sun.security.ssl.SSLSocketInputRecord.readHeader(SSLSocketInputRecord.java:472)
	at java.base/sun.security.ssl.SSLSocketInputRecord.decode(SSLSocketInputRecord.java:160)
	at java.base/sun.security.ssl.SSLTransport.decode(SSLTransport.java:110)
	... 19 more
2026-09-28 17:57:59,675 [ERROR] ServerAccessManage:1058 - Problem during Server Connexion :  IO error Connection reset
2026-09-28 17:57:59,675 [ERROR] ServerAccessManage:1062 - Exception trace: 
javax.net.ssl.SSLException: Connection reset
	at java.base/sun.security.ssl.Alert.createSSLException(Alert.java:127)
	at java.base/sun.security.ssl.TransportContext.fatal(TransportContext.java:349)
	at java.base/sun.security.ssl.TransportContext.fatal(TransportContext.java:292)
	at java.base/sun.security.ssl.TransportContext.fatal(TransportContext.java:287)
	at java.base/sun.security.ssl.SSLTransport.decode(SSLTransport.java:144)
	at java.base/sun.security.ssl.SSLSocketImpl.decode(SSLSocketImpl.java:1418)
	at java.base/sun.security.ssl.SSLSocketImpl.readHandshakeRecord(SSLSocketImpl.java:1324)
	at java.base/sun.security.ssl.SSLSocketImpl.startHandshake(SSLSocketImpl.java:440)
	at java.base/sun.security.ssl.SSLSocketImpl.startHandshake(SSLSocketImpl.java:411)
	at java.base/sun.net.www.protocol.https.HttpsClient.afterConnect(HttpsClient.java:567)
	at java.base/sun.net.www.protocol.https.AbstractDelegateHttpsURLConnection.connect(AbstractDelegateHttpsURLConnection.java:197)
	at java.base/sun.net.www.protocol.http.HttpURLConnection.getInputStream0(HttpURLConnection.java:1592)
	at java.base/sun.net.www.protocol.http.HttpURLConnection.getInputStream(HttpURLConnection.java:1520)
	at java.base/java.net.HttpURLConnection.getResponseCode(HttpURLConnection.java:527)
	at java.base/sun.net.www.protocol.https.HttpsURLConnectionImpl.getResponseCode(HttpsURLConnectionImpl.java:334)
	at com.st.microxplorer.plugins.updater.engine.ServerAccessManage.openHttpConnexion(ServerAccessManage.java:919)
	at com.st.microxplorer.plugins.updater.engine.ServerAccessManage.openHttpConnexion(ServerAccessManage.java:960)
	at com.st.microxplorer.plugins.updater.engine.ServerAccessManage.getHttpFileSize(ServerAccessManage.java:592)
	at com.st.microxplorer.plugins.updater.engine.LoadServerUpdatesThread.addUpdaterFile(LoadServerUpdatesThread.java:1348)
	at com.st.microxplorer.plugins.updater.engine.LoadServerUpdatesThread.processPackIndexEntries(LoadServerUpdatesThread.java:1153)
	at com.st.microxplorer.plugins.updater.engine.LoadServerUpdatesThread.processThirdPartyUpdaterIndexUrls(LoadServerUpdatesThread.java:1097)
	at com.st.microxplorer.plugins.updater.engine.LoadServerUpdatesThread.processThirdParties(LoadServerUpdatesThread.java:862)
	at com.st.microxplorer.plugins.updater.engine.LoadServerUpdatesThread.performFullUpdate(LoadServerUpdatesThread.java:448)
	at com.st.microxplorer.plugins.updater.engine.LoadServerUpdatesThread.run(LoadServerUpdatesThread.java:307)
	Suppressed: java.net.SocketException: Broken pipe (Write failed)
		at java.base/java.net.SocketOutputStream.socketWrite0(Native Method)
		at java.base/java.net.SocketOutputStream.socketWrite(SocketOutputStream.java:110)
		at java.base/java.net.SocketOutputStream.write(SocketOutputStream.java:150)
		at java.base/sun.security.ssl.SSLSocketOutputRecord.encodeAlert(SSLSocketOutputRecord.java:81)
		at java.base/sun.security.ssl.TransportContext.fatal(TransportContext.java:380)
		... 22 more
Caused by: java.net.SocketException: Connection reset
	at java.base/java.net.SocketInputStream.read(SocketInputStream.java:186)
	at java.base/java.net.SocketInputStream.read(SocketInputStream.java:140)
	at java.base/sun.security.ssl.SSLSocketInputRecord.read(SSLSocketInputRecord.java:478)
	at java.base/sun.security.ssl.SSLSocketInputRecord.readHeader(SSLSocketInputRecord.java:472)
	at java.base/sun.security.ssl.SSLSocketInputRecord.decode(SSLSocketInputRecord.java:160)
	at java.base/sun.security.ssl.SSLTransport.decode(SSLTransport.java:110)
	... 19 more
2026-09-28 17:58:16,950 [INFO] ServerAccessManage:359 - Download File STMicroelectronics.X-CUBE-NFC6.pdsc
2026-09-28 17:58:24,780 [INFO] ServerAccessManage:359 - Download File STMicroelectronics.X-CUBE-NFC7.pdsc
2026-09-28 17:58:30,317 [INFO] ServerAccessManage:359 - Download File STMicroelectronics.X-CUBE-NFC9.pdsc
2026-09-28 17:58:33,101 [INFO] ServerAccessManage:359 - Download File STMicroelectronics.X-CUBE-NFC10.pdsc
2026-09-28 17:58:34,721 [INFO] ServerAccessManage:359 - Download File STMicroelectronics.X-CUBE-NFC12.pdsc
2026-09-28 17:58:36,920 [INFO] ServerAccessManage:359 - Download File STMicroelectronics.X-CUBE-NFC13.pdsc
2026-09-28 17:58:39,281 [INFO] ServerAccessManage:359 - Download File STMicroelectronics.X-CUBE-SFXS2LP1.pdsc
2026-09-28 17:58:45,979 [INFO] ServerAccessManage:359 - Download File STMicroelectronics.X-CUBE-SUBG2.pdsc
2026-09-28 17:58:57,917 [INFO] ServerAccessManage:359 - Download File STMicroelectronics.X-CUBE-SMBUS.pdsc
2026-09-28 17:59:01,591 [ERROR] ServerAccessManage:975 - Problem, file not found on Server
2026-09-28 17:59:02,890 [INFO] ServerAccessManage:359 - Download File STMicroelectronics.X-CUBE-ST60.pdsc
2026-09-28 17:59:06,275 [INFO] ServerAccessManage:359 - Download File STMicroelectronics.X-CUBE-ST67W61.pdsc
2026-09-28 17:59:08,065 [INFO] ServerAccessManage:359 - Download File STMicroelectronics.X-CUBE-STSE01.pdsc
2026-09-28 17:59:10,667 [INFO] ServerAccessManage:359 - Download File STMicroelectronics.X-CUBE-PM33A1.pdsc
2026-09-28 17:59:12,541 [INFO] ServerAccessManage:359 - Download File STMicroelectronics.X-CUBE-TCPP.pdsc
2026-09-28 17:59:15,659 [INFO] ServerAccessManage:359 - Download File STMicroelectronics.X-CUBE-TOF1.pdsc
2026-09-28 17:59:43,770 [ERROR] ServerAccessManage:975 - Problem, file not found on Server
2026-09-28 17:59:44,360 [INFO] ServerAccessManage:359 - Download File STMicroelectronics.X-CUBE-TOUCHGFX.pdsc
2026-09-28 17:59:53,401 [INFO] ServerAccessManage:359 - Download File STMicroelectronics.X-CUBE-ALGOBUILD.pdsc
2026-09-28 18:00:16,726 [INFO] ServerAccessManage:359 - Download File STMicroelectronics.X-CUBE-AZRTOS-H7.pdsc
2026-09-28 18:00:34,164 [INFO] ServerAccessManage:359 - Download File STMicroelectronics.X-CUBE-AZRTOS-H7RS.pdsc
2026-09-28 18:00:39,399 [INFO] ServerAccessManage:359 - Download File STMicroelectronics.X-CUBE-AZRTOS-F4.pdsc
2026-09-28 18:00:41,528 [INFO] ServerAccessManage:359 - Download File STMicroelectronics.X-CUBE-AZRTOS-F7.pdsc
2026-09-28 18:00:45,258 [INFO] ServerAccessManage:359 - Download File STMicroelectronics.X-CUBE-AZRTOS-L4.pdsc
2026-09-28 18:00:50,377 [INFO] ServerAccessManage:359 - Download File STMicroelectronics.X-CUBE-AZRTOS-L5.pdsc
2026-09-28 18:00:56,195 [INFO] ServerAccessManage:359 - Download File STMicroelectronics.X-CUBE-AZRTOS-G0.pdsc
2026-09-28 18:01:00,570 [INFO] ServerAccessManage:359 - Download File STMicroelectronics.X-CUBE-AZRTOS-G4.pdsc
2026-09-28 18:01:06,363 [INFO] ServerAccessManage:359 - Download File STMicroelectronics.X-CUBE-AZRTOS-WB.pdsc
2026-09-28 18:01:09,805 [INFO] ServerAccessManage:359 - Download File STMicroelectronics.X-CUBE-AZRTOS-WL.pdsc
2026-09-28 18:01:13,095 [INFO] ServerAccessManage:359 - Download File STMicroelectronics.X-CUBE-WB05N.pdsc
2026-09-28 18:01:16,152 [INFO] ServerAccessManage:359 - Download File STMicroelectronics.X-CUBE-WBA.pdsc
2026-09-28 18:01:20,338 [INFO] ServerAccessManage:359 - Download File STMicroelectronics.eDS-WB_DPC_VIENNA.pdsc
2026-09-28 18:01:24,455 [ERROR] ServerAccessManage:975 - Problem, file not found on Server
2026-09-28 18:01:25,842 [ERROR] ServerAccessManage:975 - Problem, file not found on Server
2026-09-28 18:01:27,326 [ERROR] ServerAccessManage:975 - Problem, file not found on Server
2026-09-28 18:01:28,913 [ERROR] ServerAccessManage:975 - Problem, file not found on Server
2026-09-28 18:01:31,947 [ERROR] ServerAccessManage:975 - Problem, file not found on Server
2026-09-28 18:01:33,314 [INFO] ServerAccessManage:359 - Download File STMicroelectronics.eDS-WB_DPC_TT-BIDIR.pdsc
2026-09-28 18:01:35,834 [ERROR] ServerAccessManage:975 - Problem, file not found on Server
2026-09-28 18:01:37,308 [ERROR] ServerAccessManage:975 - Problem, file not found on Server
2026-09-28 18:01:39,441 [ERROR] ServerAccessManage:975 - Problem, file not found on Server
2026-09-28 18:01:40,783 [ERROR] ServerAccessManage:975 - Problem, file not found on Server
2026-09-28 18:01:42,191 [INFO] ServerAccessManage:359 - Download File STMicroelectronics.eDS-WB_DPC_3PH2L-BIDIR.pdsc
2026-09-28 18:01:45,029 [ERROR] ServerAccessManage:975 - Problem, file not found on Server
2026-09-28 18:01:46,460 [ERROR] ServerAccessManage:975 - Problem, file not found on Server
2026-09-28 18:01:49,266 [INFO] ServerAccessManage:359 - Download File wolfSSL.I-CUBE-wolfSSL.pdsc
2026-09-28 18:02:49,904 [WARN] ServerAccessManage:1054 - Warning during Server Connexion :  timeout connect timed out
2026-09-28 18:03:11,505 [ERROR] ServerAccessManage:1058 - Problem during Server Connexion :  IO error Connection reset
2026-09-28 18:03:11,505 [ERROR] ServerAccessManage:1062 - Exception trace: 
java.net.SocketException: Connection reset
	at java.base/java.net.SocketInputStream.read(SocketInputStream.java:186)
	at java.base/java.net.SocketInputStream.read(SocketInputStream.java:140)
	at java.base/java.io.BufferedInputStream.fill(BufferedInputStream.java:252)
	at java.base/java.io.BufferedInputStream.read1(BufferedInputStream.java:292)
	at java.base/java.io.BufferedInputStream.read(BufferedInputStream.java:351)
	at java.base/sun.net.www.http.HttpClient.parseHTTPHeader(HttpClient.java:754)
	at java.base/sun.net.www.http.HttpClient.parseHTTP(HttpClient.java:689)
	at java.base/sun.net.www.http.HttpClient.parseHTTP(HttpClient.java:713)
	at java.base/sun.net.www.protocol.http.HttpURLConnection.getInputStream0(HttpURLConnection.java:1615)
	at java.base/sun.net.www.protocol.http.HttpURLConnection.getInputStream(HttpURLConnection.java:1520)
	at java.base/java.net.HttpURLConnection.getResponseCode(HttpURLConnection.java:527)
	at com.st.microxplorer.plugins.updater.engine.ServerAccessManage.openHttpConnexion(ServerAccessManage.java:919)
	at com.st.microxplorer.plugins.updater.engine.ServerAccessManage.getHttpFileSize(ServerAccessManage.java:592)
	at com.st.microxplorer.plugins.updater.engine.LoadServerUpdatesThread.addUpdaterFile(LoadServerUpdatesThread.java:1348)
	at com.st.microxplorer.plugins.updater.engine.LoadServerUpdatesThread.processPackIndexEntries(LoadServerUpdatesThread.java:1153)
	at com.st.microxplorer.plugins.updater.engine.LoadServerUpdatesThread.processThirdPartyUpdaterIndexUrls(LoadServerUpdatesThread.java:1097)
	at com.st.microxplorer.plugins.updater.engine.LoadServerUpdatesThread.processThirdParties(LoadServerUpdatesThread.java:862)
	at com.st.microxplorer.plugins.updater.engine.LoadServerUpdatesThread.performFullUpdate(LoadServerUpdatesThread.java:448)
	at com.st.microxplorer.plugins.updater.engine.LoadServerUpdatesThread.run(LoadServerUpdatesThread.java:307)
2026-09-28 18:04:08,745 [WARN] ServerAccessManage:1054 - Warning during Server Connexion :  timeout connect timed out
2026-09-28 18:04:27,458 [ERROR] ConfigurationRetriever:139 - IOException on connection: Read timed out
2026-09-28 18:04:30,091 [ERROR] ServerAccessManage:1058 - Problem during Server Connexion :  IO error Connection reset
2026-09-28 18:04:30,091 [ERROR] ServerAccessManage:1062 - Exception trace: 
java.net.SocketException: Connection reset
	at java.base/java.net.SocketInputStream.read(SocketInputStream.java:186)
	at java.base/java.net.SocketInputStream.read(SocketInputStream.java:140)
	at java.base/java.io.BufferedInputStream.fill(BufferedInputStream.java:252)
	at java.base/java.io.BufferedInputStream.read1(BufferedInputStream.java:292)
	at java.base/java.io.BufferedInputStream.read(BufferedInputStream.java:351)
	at java.base/sun.net.www.http.HttpClient.parseHTTPHeader(HttpClient.java:754)
	at java.base/sun.net.www.http.HttpClient.parseHTTP(HttpClient.java:689)
	at java.base/sun.net.www.http.HttpClient.parseHTTP(HttpClient.java:713)
	at java.base/sun.net.www.protocol.http.HttpURLConnection.getInputStream0(HttpURLConnection.java:1615)
	at java.base/sun.net.www.protocol.http.HttpURLConnection.getInputStream(HttpURLConnection.java:1520)
	at java.base/java.net.HttpURLConnection.getResponseCode(HttpURLConnection.java:527)
	at com.st.microxplorer.plugins.updater.engine.ServerAccessManage.openHttpConnexion(ServerAccessManage.java:919)
	at com.st.microxplorer.plugins.updater.engine.ServerAccessManage.getHttpFileSize(ServerAccessManage.java:592)
	at com.st.microxplorer.plugins.updater.engine.LoadServerUpdatesThread.addUpdaterFile(LoadServerUpdatesThread.java:1348)
	at com.st.microxplorer.plugins.updater.engine.LoadServerUpdatesThread.processPackIndexEntries(LoadServerUpdatesThread.java:1153)
	at com.st.microxplorer.plugins.updater.engine.LoadServerUpdatesThread.processThirdPartyUpdaterIndexUrls(LoadServerUpdatesThread.java:1097)
	at com.st.microxplorer.plugins.updater.engine.LoadServerUpdatesThread.processThirdParties(LoadServerUpdatesThread.java:862)
	at com.st.microxplorer.plugins.updater.engine.LoadServerUpdatesThread.performFullUpdate(LoadServerUpdatesThread.java:448)
	at com.st.microxplorer.plugins.updater.engine.LoadServerUpdatesThread.run(LoadServerUpdatesThread.java:307)
2026-09-28 18:04:36,148 [ERROR] ServerAccessManage:1058 - Problem during Server Connexion :  IO error Connection reset
2026-09-28 18:04:36,148 [ERROR] ServerAccessManage:1062 - Exception trace: 
javax.net.ssl.SSLException: Connection reset
	at java.base/sun.security.ssl.Alert.createSSLException(Alert.java:127)
	at java.base/sun.security.ssl.TransportContext.fatal(TransportContext.java:349)
	at java.base/sun.security.ssl.TransportContext.fatal(TransportContext.java:292)
	at java.base/sun.security.ssl.TransportContext.fatal(TransportContext.java:287)
	at java.base/sun.security.ssl.SSLTransport.decode(SSLTransport.java:144)
	at java.base/sun.security.ssl.SSLSocketImpl.decode(SSLSocketImpl.java:1418)
	at java.base/sun.security.ssl.SSLSocketImpl.readHandshakeRecord(SSLSocketImpl.java:1324)
	at java.base/sun.security.ssl.SSLSocketImpl.startHandshake(SSLSocketImpl.java:440)
	at java.base/sun.security.ssl.SSLSocketImpl.startHandshake(SSLSocketImpl.java:411)
	at java.base/sun.net.www.protocol.https.HttpsClient.afterConnect(HttpsClient.java:567)
	at java.base/sun.net.www.protocol.https.AbstractDelegateHttpsURLConnection.connect(AbstractDelegateHttpsURLConnection.java:197)
	at java.base/sun.net.www.protocol.http.HttpURLConnection.getInputStream0(HttpURLConnection.java:1592)
	at java.base/sun.net.www.protocol.http.HttpURLConnection.getInputStream(HttpURLConnection.java:1520)
	at java.base/java.net.HttpURLConnection.getResponseCode(HttpURLConnection.java:527)
	at java.base/sun.net.www.protocol.https.HttpsURLConnectionImpl.getResponseCode(HttpsURLConnectionImpl.java:334)
	at com.st.microxplorer.plugins.updater.engine.ServerAccessManage.openHttpConnexion(ServerAccessManage.java:919)
	at com.st.microxplorer.plugins.updater.engine.ServerAccessManage.openHttpConnexion(ServerAccessManage.java:960)
	at com.st.microxplorer.plugins.updater.engine.ServerAccessManage.getHttpFileSize(ServerAccessManage.java:592)
	at com.st.microxplorer.plugins.updater.engine.LoadServerUpdatesThread.addUpdaterFile(LoadServerUpdatesThread.java:1348)
	at com.st.microxplorer.plugins.updater.engine.LoadServerUpdatesThread.processPackIndexEntries(LoadServerUpdatesThread.java:1153)
	at com.st.microxplorer.plugins.updater.engine.LoadServerUpdatesThread.processThirdPartyUpdaterIndexUrls(LoadServerUpdatesThread.java:1097)
	at com.st.microxplorer.plugins.updater.engine.LoadServerUpdatesThread.processThirdParties(LoadServerUpdatesThread.java:862)
	at com.st.microxplorer.plugins.updater.engine.LoadServerUpdatesThread.performFullUpdate(LoadServerUpdatesThread.java:448)
	at com.st.microxplorer.plugins.updater.engine.LoadServerUpdatesThread.run(LoadServerUpdatesThread.java:307)
	Suppressed: java.net.SocketException: Broken pipe (Write failed)
		at java.base/java.net.SocketOutputStream.socketWrite0(Native Method)
		at java.base/java.net.SocketOutputStream.socketWrite(SocketOutputStream.java:110)
		at java.base/java.net.SocketOutputStream.write(SocketOutputStream.java:150)
		at java.base/sun.security.ssl.SSLSocketOutputRecord.encodeAlert(SSLSocketOutputRecord.java:81)
		at java.base/sun.security.ssl.TransportContext.fatal(TransportContext.java:380)
		... 22 more
Caused by: java.net.SocketException: Connection reset
	at java.base/java.net.SocketInputStream.read(SocketInputStream.java:186)
	at java.base/java.net.SocketInputStream.read(SocketInputStream.java:140)
	at java.base/sun.security.ssl.SSLSocketInputRecord.read(SSLSocketInputRecord.java:478)
	at java.base/sun.security.ssl.SSLSocketInputRecord.readHeader(SSLSocketInputRecord.java:472)
	at java.base/sun.security.ssl.SSLSocketInputRecord.decode(SSLSocketInputRecord.java:160)
	at java.base/sun.security.ssl.SSLTransport.decode(SSLTransport.java:110)
	... 19 more
2026-09-28 18:05:07,551 [ERROR] ServerAccessManage:1058 - Problem during Server Connexion :  IO error Connection reset
2026-09-28 18:05:07,551 [ERROR] ServerAccessManage:1062 - Exception trace: 
javax.net.ssl.SSLException: Connection reset
	at java.base/sun.security.ssl.Alert.createSSLException(Alert.java:127)
	at java.base/sun.security.ssl.TransportContext.fatal(TransportContext.java:349)
	at java.base/sun.security.ssl.TransportContext.fatal(TransportContext.java:292)
	at java.base/sun.security.ssl.TransportContext.fatal(TransportContext.java:287)
	at java.base/sun.security.ssl.SSLTransport.decode(SSLTransport.java:144)
	at java.base/sun.security.ssl.SSLSocketImpl.decode(SSLSocketImpl.java:1418)
	at java.base/sun.security.ssl.SSLSocketImpl.readHandshakeRecord(SSLSocketImpl.java:1324)
	at java.base/sun.security.ssl.SSLSocketImpl.startHandshake(SSLSocketImpl.java:440)
	at java.base/sun.security.ssl.SSLSocketImpl.startHandshake(SSLSocketImpl.java:411)
	at java.base/sun.net.www.protocol.https.HttpsClient.afterConnect(HttpsClient.java:567)
	at java.base/sun.net.www.protocol.https.AbstractDelegateHttpsURLConnection.connect(AbstractDelegateHttpsURLConnection.java:197)
	at java.base/sun.net.www.protocol.http.HttpURLConnection.getInputStream0(HttpURLConnection.java:1592)
	at java.base/sun.net.www.protocol.http.HttpURLConnection.getInputStream(HttpURLConnection.java:1520)
	at java.base/java.net.HttpURLConnection.getResponseCode(HttpURLConnection.java:527)
	at java.base/sun.net.www.protocol.https.HttpsURLConnectionImpl.getResponseCode(HttpsURLConnectionImpl.java:334)
	at com.st.microxplorer.plugins.updater.engine.ServerAccessManage.openHttpConnexion(ServerAccessManage.java:919)
	at com.st.microxplorer.plugins.updater.engine.ServerAccessManage.openHttpConnexion(ServerAccessManage.java:960)
	at com.st.microxplorer.plugins.updater.engine.ServerAccessManage.getHttpFileSize(ServerAccessManage.java:592)
	at com.st.microxplorer.plugins.updater.engine.LoadServerUpdatesThread.addUpdaterFile(LoadServerUpdatesThread.java:1348)
	at com.st.microxplorer.plugins.updater.engine.LoadServerUpdatesThread.processPackIndexEntries(LoadServerUpdatesThread.java:1153)
	at com.st.microxplorer.plugins.updater.engine.LoadServerUpdatesThread.processThirdPartyUpdaterIndexUrls(LoadServerUpdatesThread.java:1097)
	at com.st.microxplorer.plugins.updater.engine.LoadServerUpdatesThread.processThirdParties(LoadServerUpdatesThread.java:862)
	at com.st.microxplorer.plugins.updater.engine.LoadServerUpdatesThread.performFullUpdate(LoadServerUpdatesThread.java:448)
	at com.st.microxplorer.plugins.updater.engine.LoadServerUpdatesThread.run(LoadServerUpdatesThread.java:307)
	Suppressed: java.net.SocketException: Broken pipe (Write failed)
		at java.base/java.net.SocketOutputStream.socketWrite0(Native Method)
		at java.base/java.net.SocketOutputStream.socketWrite(SocketOutputStream.java:110)
		at java.base/java.net.SocketOutputStream.write(SocketOutputStream.java:150)
		at java.base/sun.security.ssl.SSLSocketOutputRecord.encodeAlert(SSLSocketOutputRecord.java:81)
		at java.base/sun.security.ssl.TransportContext.fatal(TransportContext.java:380)
		... 22 more
Caused by: java.net.SocketException: Connection reset
	at java.base/java.net.SocketInputStream.read(SocketInputStream.java:186)
	at java.base/java.net.SocketInputStream.read(SocketInputStream.java:140)
	at java.base/sun.security.ssl.SSLSocketInputRecord.read(SSLSocketInputRecord.java:478)
	at java.base/sun.security.ssl.SSLSocketInputRecord.readHeader(SSLSocketInputRecord.java:472)
	at java.base/sun.security.ssl.SSLSocketInputRecord.decode(SSLSocketInputRecord.java:160)
	at java.base/sun.security.ssl.SSLTransport.decode(SSLTransport.java:110)
	... 19 more
2026-09-28 18:05:22,890 [ERROR] ServerAccessManage:1058 - Problem during Server Connexion :  IO error Connection reset
2026-09-28 18:05:22,890 [ERROR] ServerAccessManage:1062 - Exception trace: 
java.net.SocketException: Connection reset
	at java.base/java.net.SocketInputStream.read(SocketInputStream.java:186)
	at java.base/java.net.SocketInputStream.read(SocketInputStream.java:140)
	at java.base/java.io.BufferedInputStream.fill(BufferedInputStream.java:252)
	at java.base/java.io.BufferedInputStream.read1(BufferedInputStream.java:292)
	at java.base/java.io.BufferedInputStream.read(BufferedInputStream.java:351)
	at java.base/sun.net.www.http.HttpClient.parseHTTPHeader(HttpClient.java:754)
	at java.base/sun.net.www.http.HttpClient.parseHTTP(HttpClient.java:689)
	at java.base/sun.net.www.http.HttpClient.parseHTTP(HttpClient.java:713)
	at java.base/sun.net.www.protocol.http.HttpURLConnection.getInputStream0(HttpURLConnection.java:1615)
	at java.base/sun.net.www.protocol.http.HttpURLConnection.getInputStream(HttpURLConnection.java:1520)
	at java.base/java.net.HttpURLConnection.getResponseCode(HttpURLConnection.java:527)
	at com.st.microxplorer.plugins.updater.engine.ServerAccessManage.openHttpConnexion(ServerAccessManage.java:919)
	at com.st.microxplorer.plugins.updater.engine.ServerAccessManage.getHttpFileSize(ServerAccessManage.java:592)
	at com.st.microxplorer.plugins.updater.engine.LoadServerUpdatesThread.addUpdaterFile(LoadServerUpdatesThread.java:1348)
	at com.st.microxplorer.plugins.updater.engine.LoadServerUpdatesThread.processPackIndexEntries(LoadServerUpdatesThread.java:1153)
	at com.st.microxplorer.plugins.updater.engine.LoadServerUpdatesThread.processThirdPartyUpdaterIndexUrls(LoadServerUpdatesThread.java:1097)
	at com.st.microxplorer.plugins.updater.engine.LoadServerUpdatesThread.processThirdParties(LoadServerUpdatesThread.java:862)
	at com.st.microxplorer.plugins.updater.engine.LoadServerUpdatesThread.performFullUpdate(LoadServerUpdatesThread.java:448)
	at com.st.microxplorer.plugins.updater.engine.LoadServerUpdatesThread.run(LoadServerUpdatesThread.java:307)
2026-09-28 18:05:52,690 [ERROR] ServerAccessManage:1058 - Problem during Server Connexion :  IO error Connection reset
2026-09-28 18:05:52,690 [ERROR] ServerAccessManage:1062 - Exception trace: 
javax.net.ssl.SSLException: Connection reset
	at java.base/sun.security.ssl.Alert.createSSLException(Alert.java:127)
	at java.base/sun.security.ssl.TransportContext.fatal(TransportContext.java:349)
	at java.base/sun.security.ssl.TransportContext.fatal(TransportContext.java:292)
	at java.base/sun.security.ssl.TransportContext.fatal(TransportContext.java:287)
	at java.base/sun.security.ssl.SSLTransport.decode(SSLTransport.java:144)
	at java.base/sun.security.ssl.SSLSocketImpl.decode(SSLSocketImpl.java:1418)
	at java.base/sun.security.ssl.SSLSocketImpl.readHandshakeRecord(SSLSocketImpl.java:1324)
	at java.base/sun.security.ssl.SSLSocketImpl.startHandshake(SSLSocketImpl.java:440)
	at java.base/sun.security.ssl.SSLSocketImpl.startHandshake(SSLSocketImpl.java:411)
	at java.base/sun.net.www.protocol.https.HttpsClient.afterConnect(HttpsClient.java:567)
	at java.base/sun.net.www.protocol.https.AbstractDelegateHttpsURLConnection.connect(AbstractDelegateHttpsURLConnection.java:197)
	at java.base/sun.net.www.protocol.http.HttpURLConnection.getInputStream0(HttpURLConnection.java:1592)
	at java.base/sun.net.www.protocol.http.HttpURLConnection.getInputStream(HttpURLConnection.java:1520)
	at java.base/java.net.HttpURLConnection.getResponseCode(HttpURLConnection.java:527)
	at java.base/sun.net.www.protocol.https.HttpsURLConnectionImpl.getResponseCode(HttpsURLConnectionImpl.java:334)
	at com.st.microxplorer.plugins.updater.engine.ServerAccessManage.openHttpConnexion(ServerAccessManage.java:919)
	at com.st.microxplorer.plugins.updater.engine.ServerAccessManage.openHttpConnexion(ServerAccessManage.java:960)
	at com.st.microxplorer.plugins.updater.engine.ServerAccessManage.getHttpFileSize(ServerAccessManage.java:592)
	at com.st.microxplorer.plugins.updater.engine.LoadServerUpdatesThread.addUpdaterFile(LoadServerUpdatesThread.java:1348)
	at com.st.microxplorer.plugins.updater.engine.LoadServerUpdatesThread.processPackIndexEntries(LoadServerUpdatesThread.java:1153)
	at com.st.microxplorer.plugins.updater.engine.LoadServerUpdatesThread.processThirdPartyUpdaterIndexUrls(LoadServerUpdatesThread.java:1097)
	at com.st.microxplorer.plugins.updater.engine.LoadServerUpdatesThread.processThirdParties(LoadServerUpdatesThread.java:862)
	at com.st.microxplorer.plugins.updater.engine.LoadServerUpdatesThread.performFullUpdate(LoadServerUpdatesThread.java:448)
	at com.st.microxplorer.plugins.updater.engine.LoadServerUpdatesThread.run(LoadServerUpdatesThread.java:307)
	Suppressed: java.net.SocketException: Broken pipe (Write failed)
		at java.base/java.net.SocketOutputStream.socketWrite0(Native Method)
		at java.base/java.net.SocketOutputStream.socketWrite(SocketOutputStream.java:110)
		at java.base/java.net.SocketOutputStream.write(SocketOutputStream.java:150)
		at java.base/sun.security.ssl.SSLSocketOutputRecord.encodeAlert(SSLSocketOutputRecord.java:81)
		at java.base/sun.security.ssl.TransportContext.fatal(TransportContext.java:380)
		... 22 more
Caused by: java.net.SocketException: Connection reset
	at java.base/java.net.SocketInputStream.read(SocketInputStream.java:186)
	at java.base/java.net.SocketInputStream.read(SocketInputStream.java:140)
	at java.base/sun.security.ssl.SSLSocketInputRecord.read(SSLSocketInputRecord.java:478)
	at java.base/sun.security.ssl.SSLSocketInputRecord.readHeader(SSLSocketInputRecord.java:472)
	at java.base/sun.security.ssl.SSLSocketInputRecord.decode(SSLSocketInputRecord.java:160)
	at java.base/sun.security.ssl.SSLTransport.decode(SSLTransport.java:110)
	... 19 more
2026-09-28 18:06:03,485 [ERROR] ServerAccessManage:1058 - Problem during Server Connexion :  IO error Connection reset
2026-09-28 18:06:03,485 [ERROR] ServerAccessManage:1062 - Exception trace: 
javax.net.ssl.SSLException: Connection reset
	at java.base/sun.security.ssl.Alert.createSSLException(Alert.java:127)
	at java.base/sun.security.ssl.TransportContext.fatal(TransportContext.java:349)
	at java.base/sun.security.ssl.TransportContext.fatal(TransportContext.java:292)
	at java.base/sun.security.ssl.TransportContext.fatal(TransportContext.java:287)
	at java.base/sun.security.ssl.SSLTransport.decode(SSLTransport.java:144)
	at java.base/sun.security.ssl.SSLSocketImpl.decode(SSLSocketImpl.java:1418)
	at java.base/sun.security.ssl.SSLSocketImpl.readHandshakeRecord(SSLSocketImpl.java:1324)
	at java.base/sun.security.ssl.SSLSocketImpl.startHandshake(SSLSocketImpl.java:440)
	at java.base/sun.security.ssl.SSLSocketImpl.startHandshake(SSLSocketImpl.java:411)
	at java.base/sun.net.www.protocol.https.HttpsClient.afterConnect(HttpsClient.java:567)
	at java.base/sun.net.www.protocol.https.AbstractDelegateHttpsURLConnection.connect(AbstractDelegateHttpsURLConnection.java:197)
	at java.base/sun.net.www.protocol.http.HttpURLConnection.getInputStream0(HttpURLConnection.java:1592)
	at java.base/sun.net.www.protocol.http.HttpURLConnection.getInputStream(HttpURLConnection.java:1520)
	at java.base/java.net.HttpURLConnection.getResponseCode(HttpURLConnection.java:527)
	at java.base/sun.net.www.protocol.https.HttpsURLConnectionImpl.getResponseCode(HttpsURLConnectionImpl.java:334)
	at com.st.microxplorer.plugins.updater.engine.ServerAccessManage.openHttpConnexion(ServerAccessManage.java:919)
	at com.st.microxplorer.plugins.updater.engine.ServerAccessManage.openHttpConnexion(ServerAccessManage.java:960)
	at com.st.microxplorer.plugins.updater.engine.ServerAccessManage.getHttpFileSize(ServerAccessManage.java:592)
	at com.st.microxplorer.plugins.updater.engine.LoadServerUpdatesThread.addUpdaterFile(LoadServerUpdatesThread.java:1348)
	at com.st.microxplorer.plugins.updater.engine.LoadServerUpdatesThread.processPackIndexEntries(LoadServerUpdatesThread.java:1153)
	at com.st.microxplorer.plugins.updater.engine.LoadServerUpdatesThread.processThirdPartyUpdaterIndexUrls(LoadServerUpdatesThread.java:1097)
	at com.st.microxplorer.plugins.updater.engine.LoadServerUpdatesThread.processThirdParties(LoadServerUpdatesThread.java:862)
	at com.st.microxplorer.plugins.updater.engine.LoadServerUpdatesThread.performFullUpdate(LoadServerUpdatesThread.java:448)
	at com.st.microxplorer.plugins.updater.engine.LoadServerUpdatesThread.run(LoadServerUpdatesThread.java:307)
	Suppressed: java.net.SocketException: Broken pipe (Write failed)
		at java.base/java.net.SocketOutputStream.socketWrite0(Native Method)
		at java.base/java.net.SocketOutputStream.socketWrite(SocketOutputStream.java:110)
		at java.base/java.net.SocketOutputStream.write(SocketOutputStream.java:150)
		at java.base/sun.security.ssl.SSLSocketOutputRecord.encodeAlert(SSLSocketOutputRecord.java:81)
		at java.base/sun.security.ssl.TransportContext.fatal(TransportContext.java:380)
		... 22 more
Caused by: java.net.SocketException: Connection reset
	at java.base/java.net.SocketInputStream.read(SocketInputStream.java:186)
	at java.base/java.net.SocketInputStream.read(SocketInputStream.java:140)
	at java.base/sun.security.ssl.SSLSocketInputRecord.read(SSLSocketInputRecord.java:478)
	at java.base/sun.security.ssl.SSLSocketInputRecord.readHeader(SSLSocketInputRecord.java:472)
	at java.base/sun.security.ssl.SSLSocketInputRecord.decode(SSLSocketInputRecord.java:160)
	at java.base/sun.security.ssl.SSLTransport.decode(SSLTransport.java:110)
	... 19 more
2026-09-28 18:06:13,489 [ERROR] ServerAccessManage:1058 - Problem during Server Connexion :  IO error Connection reset
2026-09-28 18:06:13,489 [ERROR] ServerAccessManage:1062 - Exception trace: 
java.net.SocketException: Connection reset
	at java.base/java.net.SocketInputStream.read(SocketInputStream.java:186)
	at java.base/java.net.SocketInputStream.read(SocketInputStream.java:140)
	at java.base/java.io.BufferedInputStream.fill(BufferedInputStream.java:252)
	at java.base/java.io.BufferedInputStream.read1(BufferedInputStream.java:292)
	at java.base/java.io.BufferedInputStream.read(BufferedInputStream.java:351)
	at java.base/sun.net.www.http.HttpClient.parseHTTPHeader(HttpClient.java:754)
	at java.base/sun.net.www.http.HttpClient.parseHTTP(HttpClient.java:689)
	at java.base/sun.net.www.http.HttpClient.parseHTTP(HttpClient.java:713)
	at java.base/sun.net.www.protocol.http.HttpURLConnection.getInputStream0(HttpURLConnection.java:1615)
	at java.base/sun.net.www.protocol.http.HttpURLConnection.getInputStream(HttpURLConnection.java:1520)
	at java.base/java.net.HttpURLConnection.getResponseCode(HttpURLConnection.java:527)
	at com.st.microxplorer.plugins.updater.engine.ServerAccessManage.openHttpConnexion(ServerAccessManage.java:919)
	at com.st.microxplorer.plugins.updater.engine.ServerAccessManage.getHttpFileSize(ServerAccessManage.java:592)
	at com.st.microxplorer.plugins.updater.engine.LoadServerUpdatesThread.addUpdaterFile(LoadServerUpdatesThread.java:1348)
	at com.st.microxplorer.plugins.updater.engine.LoadServerUpdatesThread.processPackIndexEntries(LoadServerUpdatesThread.java:1153)
	at com.st.microxplorer.plugins.updater.engine.LoadServerUpdatesThread.processThirdPartyUpdaterIndexUrls(LoadServerUpdatesThread.java:1097)
	at com.st.microxplorer.plugins.updater.engine.LoadServerUpdatesThread.processThirdParties(LoadServerUpdatesThread.java:862)
	at com.st.microxplorer.plugins.updater.engine.LoadServerUpdatesThread.performFullUpdate(LoadServerUpdatesThread.java:448)
	at com.st.microxplorer.plugins.updater.engine.LoadServerUpdatesThread.run(LoadServerUpdatesThread.java:307)
2026-09-28 18:06:17,104 [INFO] ServerAccessManage:359 - Download File wolfSSL.I-CUBE-wolfMQTT.pdsc
2026-09-28 18:06:38,122 [ERROR] ServerAccessManage:1058 - Problem during Server Connexion :  IO error Connection reset
2026-09-28 18:06:38,122 [ERROR] ServerAccessManage:1062 - Exception trace: 
java.net.SocketException: Connection reset
	at java.base/java.net.SocketInputStream.read(SocketInputStream.java:186)
	at java.base/java.net.SocketInputStream.read(SocketInputStream.java:140)
	at java.base/java.io.BufferedInputStream.fill(BufferedInputStream.java:252)
	at java.base/java.io.BufferedInputStream.read1(BufferedInputStream.java:292)
	at java.base/java.io.BufferedInputStream.read(BufferedInputStream.java:351)
	at java.base/sun.net.www.http.HttpClient.parseHTTPHeader(HttpClient.java:754)
	at java.base/sun.net.www.http.HttpClient.parseHTTP(HttpClient.java:689)
	at java.base/sun.net.www.http.HttpClient.parseHTTP(HttpClient.java:713)
	at java.base/sun.net.www.protocol.http.HttpURLConnection.getInputStream0(HttpURLConnection.java:1615)
	at java.base/sun.net.www.protocol.http.HttpURLConnection.getInputStream(HttpURLConnection.java:1520)
	at java.base/java.net.HttpURLConnection.getResponseCode(HttpURLConnection.java:527)
	at com.st.microxplorer.plugins.updater.engine.ServerAccessManage.openHttpConnexion(ServerAccessManage.java:919)
	at com.st.microxplorer.plugins.updater.engine.ServerAccessManage.getHttpFileSize(ServerAccessManage.java:592)
	at com.st.microxplorer.plugins.updater.engine.LoadServerUpdatesThread.addUpdaterFile(LoadServerUpdatesThread.java:1348)
	at com.st.microxplorer.plugins.updater.engine.LoadServerUpdatesThread.processPackIndexEntries(LoadServerUpdatesThread.java:1153)
	at com.st.microxplorer.plugins.updater.engine.LoadServerUpdatesThread.processThirdPartyUpdaterIndexUrls(LoadServerUpdatesThread.java:1097)
	at com.st.microxplorer.plugins.updater.engine.LoadServerUpdatesThread.processThirdParties(LoadServerUpdatesThread.java:862)
	at com.st.microxplorer.plugins.updater.engine.LoadServerUpdatesThread.performFullUpdate(LoadServerUpdatesThread.java:448)
	at com.st.microxplorer.plugins.updater.engine.LoadServerUpdatesThread.run(LoadServerUpdatesThread.java:307)
2026-09-28 18:06:42,502 [INFO] ServerAccessManage:359 - Download File wolfSSL.I-CUBE-wolfTPM.pdsc
2026-09-28 18:07:03,145 [ERROR] ServerAccessManage:1058 - Problem during Server Connexion :  IO error Connection reset
2026-09-28 18:07:03,145 [ERROR] ServerAccessManage:1062 - Exception trace: 
javax.net.ssl.SSLException: Connection reset
	at java.base/sun.security.ssl.Alert.createSSLException(Alert.java:127)
	at java.base/sun.security.ssl.TransportContext.fatal(TransportContext.java:349)
	at java.base/sun.security.ssl.TransportContext.fatal(TransportContext.java:292)
	at java.base/sun.security.ssl.TransportContext.fatal(TransportContext.java:287)
	at java.base/sun.security.ssl.SSLTransport.decode(SSLTransport.java:144)
	at java.base/sun.security.ssl.SSLSocketImpl.decode(SSLSocketImpl.java:1418)
	at java.base/sun.security.ssl.SSLSocketImpl.readHandshakeRecord(SSLSocketImpl.java:1324)
	at java.base/sun.security.ssl.SSLSocketImpl.startHandshake(SSLSocketImpl.java:440)
	at java.base/sun.security.ssl.SSLSocketImpl.startHandshake(SSLSocketImpl.java:411)
	at java.base/sun.net.www.protocol.https.HttpsClient.afterConnect(HttpsClient.java:567)
	at java.base/sun.net.www.protocol.https.AbstractDelegateHttpsURLConnection.connect(AbstractDelegateHttpsURLConnection.java:197)
	at java.base/sun.net.www.protocol.http.HttpURLConnection.getInputStream0(HttpURLConnection.java:1592)
	at java.base/sun.net.www.protocol.http.HttpURLConnection.getInputStream(HttpURLConnection.java:1520)
	at java.base/java.net.HttpURLConnection.getResponseCode(HttpURLConnection.java:527)
	at java.base/sun.net.www.protocol.https.HttpsURLConnectionImpl.getResponseCode(HttpsURLConnectionImpl.java:334)
	at com.st.microxplorer.plugins.updater.engine.ServerAccessManage.openHttpConnexion(ServerAccessManage.java:919)
	at com.st.microxplorer.plugins.updater.engine.ServerAccessManage.openHttpConnexion(ServerAccessManage.java:960)
	at com.st.microxplorer.plugins.updater.engine.ServerAccessManage.getHttpFileSize(ServerAccessManage.java:592)
	at com.st.microxplorer.plugins.updater.engine.LoadServerUpdatesThread.addUpdaterFile(LoadServerUpdatesThread.java:1348)
	at com.st.microxplorer.plugins.updater.engine.LoadServerUpdatesThread.processPackIndexEntries(LoadServerUpdatesThread.java:1153)
	at com.st.microxplorer.plugins.updater.engine.LoadServerUpdatesThread.processThirdPartyUpdaterIndexUrls(LoadServerUpdatesThread.java:1097)
	at com.st.microxplorer.plugins.updater.engine.LoadServerUpdatesThread.processThirdParties(LoadServerUpdatesThread.java:862)
	at com.st.microxplorer.plugins.updater.engine.LoadServerUpdatesThread.performFullUpdate(LoadServerUpdatesThread.java:448)
	at com.st.microxplorer.plugins.updater.engine.LoadServerUpdatesThread.run(LoadServerUpdatesThread.java:307)
	Suppressed: java.net.SocketException: Broken pipe (Write failed)
		at java.base/java.net.SocketOutputStream.socketWrite0(Native Method)
		at java.base/java.net.SocketOutputStream.socketWrite(SocketOutputStream.java:110)
		at java.base/java.net.SocketOutputStream.write(SocketOutputStream.java:150)
		at java.base/sun.security.ssl.SSLSocketOutputRecord.encodeAlert(SSLSocketOutputRecord.java:81)
		at java.base/sun.security.ssl.TransportContext.fatal(TransportContext.java:380)
		... 22 more
Caused by: java.net.SocketException: Connection reset
	at java.base/java.net.SocketInputStream.read(SocketInputStream.java:186)
	at java.base/java.net.SocketInputStream.read(SocketInputStream.java:140)
	at java.base/sun.security.ssl.SSLSocketInputRecord.read(SSLSocketInputRecord.java:478)
	at java.base/sun.security.ssl.SSLSocketInputRecord.readHeader(SSLSocketInputRecord.java:472)
	at java.base/sun.security.ssl.SSLSocketInputRecord.decode(SSLSocketInputRecord.java:160)
	at java.base/sun.security.ssl.SSLTransport.decode(SSLTransport.java:110)
	... 19 more
2026-09-28 18:07:17,271 [ERROR] ServerAccessManage:1058 - Problem during Server Connexion :  IO error Connection reset
2026-09-28 18:07:17,272 [ERROR] ServerAccessManage:1062 - Exception trace: 
java.net.SocketException: Connection reset
	at java.base/java.net.SocketInputStream.read(SocketInputStream.java:186)
	at java.base/java.net.SocketInputStream.read(SocketInputStream.java:140)
	at java.base/java.io.BufferedInputStream.fill(BufferedInputStream.java:252)
	at java.base/java.io.BufferedInputStream.read1(BufferedInputStream.java:292)
	at java.base/java.io.BufferedInputStream.read(BufferedInputStream.java:351)
	at java.base/sun.net.www.http.HttpClient.parseHTTPHeader(HttpClient.java:754)
	at java.base/sun.net.www.http.HttpClient.parseHTTP(HttpClient.java:689)
	at java.base/sun.net.www.http.HttpClient.parseHTTP(HttpClient.java:713)
	at java.base/sun.net.www.protocol.http.HttpURLConnection.getInputStream0(HttpURLConnection.java:1615)
	at java.base/sun.net.www.protocol.http.HttpURLConnection.getInputStream(HttpURLConnection.java:1520)
	at java.base/java.net.HttpURLConnection.getResponseCode(HttpURLConnection.java:527)
	at com.st.microxplorer.plugins.updater.engine.ServerAccessManage.openHttpConnexion(ServerAccessManage.java:919)
	at com.st.microxplorer.plugins.updater.engine.ServerAccessManage.getHttpFileSize(ServerAccessManage.java:592)
	at com.st.microxplorer.plugins.updater.engine.LoadServerUpdatesThread.addUpdaterFile(LoadServerUpdatesThread.java:1348)
	at com.st.microxplorer.plugins.updater.engine.LoadServerUpdatesThread.processPackIndexEntries(LoadServerUpdatesThread.java:1153)
	at com.st.microxplorer.plugins.updater.engine.LoadServerUpdatesThread.processThirdPartyUpdaterIndexUrls(LoadServerUpdatesThread.java:1097)
	at com.st.microxplorer.plugins.updater.engine.LoadServerUpdatesThread.processThirdParties(LoadServerUpdatesThread.java:862)
	at com.st.microxplorer.plugins.updater.engine.LoadServerUpdatesThread.performFullUpdate(LoadServerUpdatesThread.java:448)
	at com.st.microxplorer.plugins.updater.engine.LoadServerUpdatesThread.run(LoadServerUpdatesThread.java:307)
2026-09-28 18:07:23,772 [ERROR] ServerAccessManage:1058 - Problem during Server Connexion :  IO error Connection reset
2026-09-28 18:07:23,772 [ERROR] ServerAccessManage:1062 - Exception trace: 
javax.net.ssl.SSLException: Connection reset
	at java.base/sun.security.ssl.Alert.createSSLException(Alert.java:127)
	at java.base/sun.security.ssl.TransportContext.fatal(TransportContext.java:349)
	at java.base/sun.security.ssl.TransportContext.fatal(TransportContext.java:292)
	at java.base/sun.security.ssl.TransportContext.fatal(TransportContext.java:287)
	at java.base/sun.security.ssl.SSLTransport.decode(SSLTransport.java:144)
	at java.base/sun.security.ssl.SSLSocketImpl.decode(SSLSocketImpl.java:1418)
	at java.base/sun.security.ssl.SSLSocketImpl.readHandshakeRecord(SSLSocketImpl.java:1324)
	at java.base/sun.security.ssl.SSLSocketImpl.startHandshake(SSLSocketImpl.java:440)
	at java.base/sun.security.ssl.SSLSocketImpl.startHandshake(SSLSocketImpl.java:411)
	at java.base/sun.net.www.protocol.https.HttpsClient.afterConnect(HttpsClient.java:567)
	at java.base/sun.net.www.protocol.https.AbstractDelegateHttpsURLConnection.connect(AbstractDelegateHttpsURLConnection.java:197)
	at java.base/sun.net.www.protocol.http.HttpURLConnection.getInputStream0(HttpURLConnection.java:1592)
	at java.base/sun.net.www.protocol.http.HttpURLConnection.getInputStream(HttpURLConnection.java:1520)
	at java.base/java.net.HttpURLConnection.getResponseCode(HttpURLConnection.java:527)
	at java.base/sun.net.www.protocol.https.HttpsURLConnectionImpl.getResponseCode(HttpsURLConnectionImpl.java:334)
	at com.st.microxplorer.plugins.updater.engine.ServerAccessManage.openHttpConnexion(ServerAccessManage.java:919)
	at com.st.microxplorer.plugins.updater.engine.ServerAccessManage.openHttpConnexion(ServerAccessManage.java:960)
	at com.st.microxplorer.plugins.updater.engine.ServerAccessManage.getHttpFileSize(ServerAccessManage.java:592)
	at com.st.microxplorer.plugins.updater.engine.LoadServerUpdatesThread.addUpdaterFile(LoadServerUpdatesThread.java:1348)
	at com.st.microxplorer.plugins.updater.engine.LoadServerUpdatesThread.processPackIndexEntries(LoadServerUpdatesThread.java:1153)
	at com.st.microxplorer.plugins.updater.engine.LoadServerUpdatesThread.processThirdPartyUpdaterIndexUrls(LoadServerUpdatesThread.java:1097)
	at com.st.microxplorer.plugins.updater.engine.LoadServerUpdatesThread.processThirdParties(LoadServerUpdatesThread.java:862)
	at com.st.microxplorer.plugins.updater.engine.LoadServerUpdatesThread.performFullUpdate(LoadServerUpdatesThread.java:448)
	at com.st.microxplorer.plugins.updater.engine.LoadServerUpdatesThread.run(LoadServerUpdatesThread.java:307)
	Suppressed: java.net.SocketException: Broken pipe (Write failed)
		at java.base/java.net.SocketOutputStream.socketWrite0(Native Method)
		at java.base/java.net.SocketOutputStream.socketWrite(SocketOutputStream.java:110)
		at java.base/java.net.SocketOutputStream.write(SocketOutputStream.java:150)
		at java.base/sun.security.ssl.SSLSocketOutputRecord.encodeAlert(SSLSocketOutputRecord.java:81)
		at java.base/sun.security.ssl.TransportContext.fatal(TransportContext.java:380)
		... 22 more
Caused by: java.net.SocketException: Connection reset
	at java.base/java.net.SocketInputStream.read(SocketInputStream.java:186)
	at java.base/java.net.SocketInputStream.read(SocketInputStream.java:140)
	at java.base/sun.security.ssl.SSLSocketInputRecord.read(SSLSocketInputRecord.java:478)
	at java.base/sun.security.ssl.SSLSocketInputRecord.readHeader(SSLSocketInputRecord.java:472)
	at java.base/sun.security.ssl.SSLSocketInputRecord.decode(SSLSocketInputRecord.java:160)
	at java.base/sun.security.ssl.SSLTransport.decode(SSLTransport.java:110)
	... 19 more
2026-09-28 18:07:27,835 [INFO] ServerAccessManage:359 - Download File wolfSSL.I-CUBE-wolfSSH.pdsc
2026-09-28 18:08:19,031 [WARN] ServerAccessManage:1054 - Warning during Server Connexion :  timeout Read timed out
2026-09-28 18:09:19,878 [WARN] ServerAccessManage:1054 - Warning during Server Connexion :  timeout Read timed out
2026-09-28 18:10:05,964 [WARN] ServerAccessManage:1054 - Warning during Server Connexion :  timeout Read timed out
2026-09-28 18:10:05,965 [ERROR] ServerAccessManage:537 - Problem, Http timeout : RealThread.X-CUBE-RT-Thread_Nano.pdsc.
2026-09-28 18:10:11,854 [INFO] ServerAccessManage:359 - Download File SEGGER.I-CUBE-embOS.pdsc
2026-09-28 18:10:17,971 [INFO] ServerAccessManage:359 - Download File emotas.I-CUBE-CANOPEN.pdsc
2026-09-28 18:10:24,939 [INFO] ServerAccessManage:359 - Download File WES.I-CUBE-Cesium.pdsc
2026-09-28 18:10:27,604 [ERROR] ServerAccessManage:975 - Problem, file not found on Server
2026-09-28 18:10:28,468 [ERROR] ServerAccessManage:975 - Problem, file not found on Server
2026-09-28 18:10:33,182 [INFO] ServerAccessManage:359 - Download File ITTIA_DB.I-CUBE-ITTIADB.pdsc
2026-09-28 18:10:43,166 [ERROR] ServerAccessManage:1058 - Problem during Server Connexion :  IO error Connection reset
2026-09-28 18:10:43,166 [ERROR] ServerAccessManage:1062 - Exception trace: 
javax.net.ssl.SSLException: Connection reset
	at java.base/sun.security.ssl.Alert.createSSLException(Alert.java:127)
	at java.base/sun.security.ssl.TransportContext.fatal(TransportContext.java:349)
	at java.base/sun.security.ssl.TransportContext.fatal(TransportContext.java:292)
	at java.base/sun.security.ssl.TransportContext.fatal(TransportContext.java:287)
	at java.base/sun.security.ssl.SSLTransport.decode(SSLTransport.java:144)
	at java.base/sun.security.ssl.SSLSocketImpl.decode(SSLSocketImpl.java:1418)
	at java.base/sun.security.ssl.SSLSocketImpl.readHandshakeRecord(SSLSocketImpl.java:1324)
	at java.base/sun.security.ssl.SSLSocketImpl.startHandshake(SSLSocketImpl.java:440)
	at java.base/sun.security.ssl.SSLSocketImpl.startHandshake(SSLSocketImpl.java:411)
	at java.base/sun.net.www.protocol.https.HttpsClient.afterConnect(HttpsClient.java:567)
	at java.base/sun.net.www.protocol.https.AbstractDelegateHttpsURLConnection.connect(AbstractDelegateHttpsURLConnection.java:197)
	at java.base/sun.net.www.protocol.http.HttpURLConnection.getInputStream0(HttpURLConnection.java:1592)
	at java.base/sun.net.www.protocol.http.HttpURLConnection.getInputStream(HttpURLConnection.java:1520)
	at java.base/java.net.HttpURLConnection.getResponseCode(HttpURLConnection.java:527)
	at java.base/sun.net.www.protocol.https.HttpsURLConnectionImpl.getResponseCode(HttpsURLConnectionImpl.java:334)
	at com.st.microxplorer.plugins.updater.engine.ServerAccessManage.openHttpConnexion(ServerAccessManage.java:919)
	at com.st.microxplorer.plugins.updater.engine.ServerAccessManage.getHttpFileSize(ServerAccessManage.java:592)
	at com.st.microxplorer.plugins.updater.engine.LoadServerUpdatesThread.addUpdaterFile(LoadServerUpdatesThread.java:1348)
	at com.st.microxplorer.plugins.updater.engine.LoadServerUpdatesThread.processPackIndexEntries(LoadServerUpdatesThread.java:1153)
	at com.st.microxplorer.plugins.updater.engine.LoadServerUpdatesThread.processThirdPartyUpdaterIndexUrls(LoadServerUpdatesThread.java:1097)
	at com.st.microxplorer.plugins.updater.engine.LoadServerUpdatesThread.processThirdParties(LoadServerUpdatesThread.java:862)
	at com.st.microxplorer.plugins.updater.engine.LoadServerUpdatesThread.performFullUpdate(LoadServerUpdatesThread.java:448)
	at com.st.microxplorer.plugins.updater.engine.LoadServerUpdatesThread.run(LoadServerUpdatesThread.java:307)
	Suppressed: java.net.SocketException: Broken pipe (Write failed)
		at java.base/java.net.SocketOutputStream.socketWrite0(Native Method)
		at java.base/java.net.SocketOutputStream.socketWrite(SocketOutputStream.java:110)
		at java.base/java.net.SocketOutputStream.write(SocketOutputStream.java:150)
		at java.base/sun.security.ssl.SSLSocketOutputRecord.encodeAlert(SSLSocketOutputRecord.java:81)
		at java.base/sun.security.ssl.TransportContext.fatal(TransportContext.java:380)
		... 21 more
Caused by: java.net.SocketException: Connection reset
	at java.base/java.net.SocketInputStream.read(SocketInputStream.java:186)
	at java.base/java.net.SocketInputStream.read(SocketInputStream.java:140)
	at java.base/sun.security.ssl.SSLSocketInputRecord.read(SSLSocketInputRecord.java:478)
	at java.base/sun.security.ssl.SSLSocketInputRecord.readHeader(SSLSocketInputRecord.java:472)
	at java.base/sun.security.ssl.SSLSocketInputRecord.decode(SSLSocketInputRecord.java:160)
	at java.base/sun.security.ssl.SSLTransport.decode(SSLTransport.java:110)
	... 18 more
2026-09-28 18:10:49,699 [ERROR] ServerAccessManage:1058 - Problem during Server Connexion :  IO error Connection reset
2026-09-28 18:10:49,699 [ERROR] ServerAccessManage:1062 - Exception trace: 
javax.net.ssl.SSLException: Connection reset
	at java.base/sun.security.ssl.Alert.createSSLException(Alert.java:127)
	at java.base/sun.security.ssl.TransportContext.fatal(TransportContext.java:349)
	at java.base/sun.security.ssl.TransportContext.fatal(TransportContext.java:292)
	at java.base/sun.security.ssl.TransportContext.fatal(TransportContext.java:287)
	at java.base/sun.security.ssl.SSLTransport.decode(SSLTransport.java:144)
	at java.base/sun.security.ssl.SSLSocketImpl.decode(SSLSocketImpl.java:1418)
	at java.base/sun.security.ssl.SSLSocketImpl.readHandshakeRecord(SSLSocketImpl.java:1324)
	at java.base/sun.security.ssl.SSLSocketImpl.startHandshake(SSLSocketImpl.java:440)
	at java.base/sun.security.ssl.SSLSocketImpl.startHandshake(SSLSocketImpl.java:411)
	at java.base/sun.net.www.protocol.https.HttpsClient.afterConnect(HttpsClient.java:567)
	at java.base/sun.net.www.protocol.https.AbstractDelegateHttpsURLConnection.connect(AbstractDelegateHttpsURLConnection.java:197)
	at java.base/sun.net.www.protocol.http.HttpURLConnection.getInputStream0(HttpURLConnection.java:1592)
	at java.base/sun.net.www.protocol.http.HttpURLConnection.getInputStream(HttpURLConnection.java:1520)
	at java.base/java.net.HttpURLConnection.getResponseCode(HttpURLConnection.java:527)
	at java.base/sun.net.www.protocol.https.HttpsURLConnectionImpl.getResponseCode(HttpsURLConnectionImpl.java:334)
	at com.st.microxplorer.plugins.updater.engine.ServerAccessManage.openHttpConnexion(ServerAccessManage.java:919)
	at com.st.microxplorer.plugins.updater.engine.ServerAccessManage.getHttpFileSize(ServerAccessManage.java:592)
	at com.st.microxplorer.plugins.updater.engine.LoadServerUpdatesThread.addUpdaterFile(LoadServerUpdatesThread.java:1348)
	at com.st.microxplorer.plugins.updater.engine.LoadServerUpdatesThread.processPackIndexEntries(LoadServerUpdatesThread.java:1153)
	at com.st.microxplorer.plugins.updater.engine.LoadServerUpdatesThread.processThirdPartyUpdaterIndexUrls(LoadServerUpdatesThread.java:1097)
	at com.st.microxplorer.plugins.updater.engine.LoadServerUpdatesThread.processThirdParties(LoadServerUpdatesThread.java:862)
	at com.st.microxplorer.plugins.updater.engine.LoadServerUpdatesThread.performFullUpdate(LoadServerUpdatesThread.java:448)
	at com.st.microxplorer.plugins.updater.engine.LoadServerUpdatesThread.run(LoadServerUpdatesThread.java:307)
	Suppressed: java.net.SocketException: Broken pipe (Write failed)
		at java.base/java.net.SocketOutputStream.socketWrite0(Native Method)
		at java.base/java.net.SocketOutputStream.socketWrite(SocketOutputStream.java:110)
		at java.base/java.net.SocketOutputStream.write(SocketOutputStream.java:150)
		at java.base/sun.security.ssl.SSLSocketOutputRecord.encodeAlert(SSLSocketOutputRecord.java:81)
		at java.base/sun.security.ssl.TransportContext.fatal(TransportContext.java:380)
		... 21 more
Caused by: java.net.SocketException: Connection reset
	at java.base/java.net.SocketInputStream.read(SocketInputStream.java:186)
	at java.base/java.net.SocketInputStream.read(SocketInputStream.java:140)
	at java.base/sun.security.ssl.SSLSocketInputRecord.read(SSLSocketInputRecord.java:478)
	at java.base/sun.security.ssl.SSLSocketInputRecord.readHeader(SSLSocketInputRecord.java:472)
	at java.base/sun.security.ssl.SSLSocketInputRecord.decode(SSLSocketInputRecord.java:160)
	at java.base/sun.security.ssl.SSLTransport.decode(SSLTransport.java:110)
	... 18 more
2026-09-28 18:10:57,586 [INFO] ServerAccessManage:359 - Download File Infineon.AIROC-Wi-Fi-Bluetooth-STM32.pdsc
2026-09-28 18:11:13,952 [ERROR] ConfigurationRetriever:139 - IOException on connection: Read timed out
2026-09-28 18:11:18,966 [ERROR] ServerAccessManage:1058 - Problem during Server Connexion :  IO error Connection reset
2026-09-28 18:11:18,967 [ERROR] ServerAccessManage:1062 - Exception trace: 
javax.net.ssl.SSLException: Connection reset
	at java.base/sun.security.ssl.Alert.createSSLException(Alert.java:127)
	at java.base/sun.security.ssl.TransportContext.fatal(TransportContext.java:349)
	at java.base/sun.security.ssl.TransportContext.fatal(TransportContext.java:292)
	at java.base/sun.security.ssl.TransportContext.fatal(TransportContext.java:287)
	at java.base/sun.security.ssl.SSLTransport.decode(SSLTransport.java:144)
	at java.base/sun.security.ssl.SSLSocketImpl.decode(SSLSocketImpl.java:1418)
	at java.base/sun.security.ssl.SSLSocketImpl.readHandshakeRecord(SSLSocketImpl.java:1324)
	at java.base/sun.security.ssl.SSLSocketImpl.startHandshake(SSLSocketImpl.java:440)
	at java.base/sun.security.ssl.SSLSocketImpl.startHandshake(SSLSocketImpl.java:411)
	at java.base/sun.net.www.protocol.https.HttpsClient.afterConnect(HttpsClient.java:567)
	at java.base/sun.net.www.protocol.https.AbstractDelegateHttpsURLConnection.connect(AbstractDelegateHttpsURLConnection.java:197)
	at java.base/sun.net.www.protocol.http.HttpURLConnection.getInputStream0(HttpURLConnection.java:1592)
	at java.base/sun.net.www.protocol.http.HttpURLConnection.getInputStream(HttpURLConnection.java:1520)
	at java.base/java.net.HttpURLConnection.getResponseCode(HttpURLConnection.java:527)
	at java.base/sun.net.www.protocol.https.HttpsURLConnectionImpl.getResponseCode(HttpsURLConnectionImpl.java:334)
	at com.st.microxplorer.plugins.updater.engine.ServerAccessManage.openHttpConnexion(ServerAccessManage.java:919)
	at com.st.microxplorer.plugins.updater.engine.ServerAccessManage.getHttpFileSize(ServerAccessManage.java:592)
	at com.st.microxplorer.plugins.updater.engine.LoadServerUpdatesThread.addUpdaterFile(LoadServerUpdatesThread.java:1348)
	at com.st.microxplorer.plugins.updater.engine.LoadServerUpdatesThread.processPackIndexEntries(LoadServerUpdatesThread.java:1153)
	at com.st.microxplorer.plugins.updater.engine.LoadServerUpdatesThread.processThirdPartyUpdaterIndexUrls(LoadServerUpdatesThread.java:1097)
	at com.st.microxplorer.plugins.updater.engine.LoadServerUpdatesThread.processThirdParties(LoadServerUpdatesThread.java:862)
	at com.st.microxplorer.plugins.updater.engine.LoadServerUpdatesThread.performFullUpdate(LoadServerUpdatesThread.java:448)
	at com.st.microxplorer.plugins.updater.engine.LoadServerUpdatesThread.run(LoadServerUpdatesThread.java:307)
	Suppressed: java.net.SocketException: Broken pipe (Write failed)
		at java.base/java.net.SocketOutputStream.socketWrite0(Native Method)
		at java.base/java.net.SocketOutputStream.socketWrite(SocketOutputStream.java:110)
		at java.base/java.net.SocketOutputStream.write(SocketOutputStream.java:150)
		at java.base/sun.security.ssl.SSLSocketOutputRecord.encodeAlert(SSLSocketOutputRecord.java:81)
		at java.base/sun.security.ssl.TransportContext.fatal(TransportContext.java:380)
		... 21 more
Caused by: java.net.SocketException: Connection reset
	at java.base/java.net.SocketInputStream.read(SocketInputStream.java:186)
	at java.base/java.net.SocketInputStream.read(SocketInputStream.java:140)
	at java.base/sun.security.ssl.SSLSocketInputRecord.read(SSLSocketInputRecord.java:478)
	at java.base/sun.security.ssl.SSLSocketInputRecord.readHeader(SSLSocketInputRecord.java:472)
	at java.base/sun.security.ssl.SSLSocketInputRecord.decode(SSLSocketInputRecord.java:160)
	at java.base/sun.security.ssl.SSLTransport.decode(SSLTransport.java:110)
	... 18 more
2026-09-28 18:11:24,600 [ERROR] ServerAccessManage:1058 - Problem during Server Connexion :  IO error Connection reset
2026-09-28 18:11:24,600 [ERROR] ServerAccessManage:1062 - Exception trace: 
javax.net.ssl.SSLException: Connection reset
	at java.base/sun.security.ssl.Alert.createSSLException(Alert.java:127)
	at java.base/sun.security.ssl.TransportContext.fatal(TransportContext.java:349)
	at java.base/sun.security.ssl.TransportContext.fatal(TransportContext.java:292)
	at java.base/sun.security.ssl.TransportContext.fatal(TransportContext.java:287)
	at java.base/sun.security.ssl.SSLTransport.decode(SSLTransport.java:144)
	at java.base/sun.security.ssl.SSLSocketImpl.decode(SSLSocketImpl.java:1418)
	at java.base/sun.security.ssl.SSLSocketImpl.readHandshakeRecord(SSLSocketImpl.java:1324)
	at java.base/sun.security.ssl.SSLSocketImpl.startHandshake(SSLSocketImpl.java:440)
	at java.base/sun.security.ssl.SSLSocketImpl.startHandshake(SSLSocketImpl.java:411)
	at java.base/sun.net.www.protocol.https.HttpsClient.afterConnect(HttpsClient.java:567)
	at java.base/sun.net.www.protocol.https.AbstractDelegateHttpsURLConnection.connect(AbstractDelegateHttpsURLConnection.java:197)
	at java.base/sun.net.www.protocol.http.HttpURLConnection.getInputStream0(HttpURLConnection.java:1592)
	at java.base/sun.net.www.protocol.http.HttpURLConnection.getInputStream(HttpURLConnection.java:1520)
	at java.base/java.net.HttpURLConnection.getResponseCode(HttpURLConnection.java:527)
	at java.base/sun.net.www.protocol.https.HttpsURLConnectionImpl.getResponseCode(HttpsURLConnectionImpl.java:334)
	at com.st.microxplorer.plugins.updater.engine.ServerAccessManage.openHttpConnexion(ServerAccessManage.java:919)
	at com.st.microxplorer.plugins.updater.engine.ServerAccessManage.readHttpFile(ServerAccessManage.java:301)
	at com.st.microxplorer.plugins.updater.engine.LoadServerUpdatesThread.processPdscEntry(LoadServerUpdatesThread.java:1222)
	at com.st.microxplorer.plugins.updater.engine.LoadServerUpdatesThread.processPackIndexEntries(LoadServerUpdatesThread.java:1149)
	at com.st.microxplorer.plugins.updater.engine.LoadServerUpdatesThread.processThirdPartyUpdaterIndexUrls(LoadServerUpdatesThread.java:1097)
	at com.st.microxplorer.plugins.updater.engine.LoadServerUpdatesThread.processThirdParties(LoadServerUpdatesThread.java:862)
	at com.st.microxplorer.plugins.updater.engine.LoadServerUpdatesThread.performFullUpdate(LoadServerUpdatesThread.java:448)
	at com.st.microxplorer.plugins.updater.engine.LoadServerUpdatesThread.run(LoadServerUpdatesThread.java:307)
	Suppressed: java.net.SocketException: Broken pipe (Write failed)
		at java.base/java.net.SocketOutputStream.socketWrite0(Native Method)
		at java.base/java.net.SocketOutputStream.socketWrite(SocketOutputStream.java:110)
		at java.base/java.net.SocketOutputStream.write(SocketOutputStream.java:150)
		at java.base/sun.security.ssl.SSLSocketOutputRecord.encodeAlert(SSLSocketOutputRecord.java:81)
		at java.base/sun.security.ssl.TransportContext.fatal(TransportContext.java:380)
		... 21 more
Caused by: java.net.SocketException: Connection reset
	at java.base/java.net.SocketInputStream.read(SocketInputStream.java:186)
	at java.base/java.net.SocketInputStream.read(SocketInputStream.java:140)
	at java.base/sun.security.ssl.SSLSocketInputRecord.read(SSLSocketInputRecord.java:478)
	at java.base/sun.security.ssl.SSLSocketInputRecord.readHeader(SSLSocketInputRecord.java:472)
	at java.base/sun.security.ssl.SSLSocketInputRecord.decode(SSLSocketInputRecord.java:160)
	at java.base/sun.security.ssl.SSLTransport.decode(SSLTransport.java:110)
	... 18 more
2026-09-28 18:11:24,601 [ERROR] ServerAccessManage:537 - Problem during Server Connexion :  : Cesanta.I-CUBE-Mongoose.pdsc.
2026-09-28 18:11:34,404 [INFO] ServerAccessManage:359 - Download File EmbeddedOffice.I-CUBE-FS-RTOS.pdsc
2026-09-28 18:11:39,116 [INFO] ServerAccessManage:359 - Download File quantropi.X-CUBE-qispace-sdk-base.pdsc
2026-09-28 18:11:44,283 [INFO] ServerAccessManage:359 - Download File Avnet-IOTCONNECT.X-CUBE-iotc-st67-sdk.pdsc
2026-09-28 18:11:44,775 [WARN] CheckServerUpdateThread:144 - Open CheckUpdateFile Fail
2026-09-28 18:11:44,777 [WARN] PackLoader:238 - Cannot read IP mode file for STMicroelectronics.FP-ATR-ASTRA1.2.0.3
2026-09-28 18:11:44,782 [WARN] PackLoader:238 - Cannot read IP mode file for STMicroelectronics.FP-ATR-SIGFOX1.3.2.0
2026-09-28 18:11:44,785 [WARN] PopulateThirdPartyThread:100 - Error when creating pack: /home/rmb/.stm32cubemx/thirdparties/pdsc/STMicroelectronics.FP-SNS-STBOX1.pdsc
2026-09-28 18:11:44,785 [WARN] PopulateThirdPartyThread:100 - Error when creating pack: /home/rmb/.stm32cubemx/thirdparties/pdsc/STMicroelectronics.FP-SNS-FLIGHT1.pdsc
2026-09-28 18:11:44,786 [WARN] PopulateThirdPartyThread:100 - Error when creating pack: /home/rmb/.stm32cubemx/thirdparties/pdsc/STMicroelectronics.FP-SNS-MOTENV1.pdsc
2026-09-28 18:11:44,787 [WARN] PopulateThirdPartyThread:100 - Error when creating pack: /home/rmb/.stm32cubemx/thirdparties/pdsc/STMicroelectronics.FP-SNS-MOTENVWB1.pdsc
2026-09-28 18:11:44,789 [WARN] PackLoader:238 - Cannot read IP mode file for STMicroelectronics.FP-SNS-SMARTAG2.1.2.0
2026-09-28 18:11:44,790 [WARN] PopulateThirdPartyThread:100 - Error when creating pack: /home/rmb/.stm32cubemx/thirdparties/pdsc/STMicroelectronics.FP-SNS-STAIOTCFT.pdsc
2026-09-28 18:11:44,792 [WARN] PackLoader:238 - Cannot read IP mode file for STMicroelectronics.X-CUBE-AI.10.2.1
2026-09-28 18:11:44,794 [WARN] PackLoader:238 - Cannot read IP mode file for STMicroelectronics.X-CUBE-ALS.1.0.2
2026-09-28 18:11:44,800 [WARN] PackLoader:238 - Cannot read IP mode file for STMicroelectronics.X-CUBE-DISPLAY.3.0.0
2026-09-28 18:11:44,805 [WARN] PopulateThirdPartyThread:100 - Error when creating pack: /home/rmb/.stm32cubemx/thirdparties/pdsc/STMicroelectronics.X-CUBE-DPOWER.pdsc
2026-09-28 18:11:44,808 [WARN] PackLoader:238 - Cannot read IP mode file for STMicroelectronics.X-CUBE-EEPRMA1.5.2.0
2026-09-28 18:11:44,811 [WARN] PopulateThirdPartyThread:100 - Error when creating pack: /home/rmb/.stm32cubemx/thirdparties/pdsc/STMicroelectronics.X-CUBE-FREERTOS.pdsc
2026-09-28 18:11:44,813 [WARN] PackLoader:238 - Cannot read IP mode file for STMicroelectronics.X-CUBE-GNSS1.7.1.1
2026-09-28 18:11:44,815 [WARN] PackLoader:238 - Cannot read IP mode file for STMicroelectronics.X-CUBE-ISPU.2.1.0
2026-09-28 18:11:44,817 [WARN] PopulateThirdPartyThread:100 - Error when creating pack: /home/rmb/.stm32cubemx/thirdparties/pdsc/STMicroelectronics.X-CUBE-IPS.pdsc
2026-09-28 18:11:44,858 [WARN] PackLoader:238 - Cannot read IP mode file for STMicroelectronics.X-CUBE-MEMS1.13.0.0
2026-09-28 18:11:44,892 [INFO] CheckServerUpdateThread:115 - End of CheckServer Thread
2026-09-28 18:11:44,903 [WARN] PackLoader:238 - Cannot read IP mode file for STMicroelectronics.X-CUBE-NFC4.3.0.0
2026-09-28 18:11:44,906 [WARN] PackLoader:238 - Cannot read IP mode file for STMicroelectronics.X-CUBE-NFC6.3.2.0
2026-09-28 18:11:44,909 [WARN] PackLoader:238 - Cannot read IP mode file for STMicroelectronics.X-CUBE-NFC7.2.0.0
2026-09-28 18:11:44,912 [WARN] PackLoader:238 - Cannot read IP mode file for STMicroelectronics.X-CUBE-NFC9.1.0.0
2026-09-28 18:11:44,915 [WARN] PackLoader:238 - Cannot read IP mode file for STMicroelectronics.X-CUBE-NFC10.1.0.0
2026-09-28 18:11:44,917 [WARN] PackLoader:238 - Cannot read IP mode file for STMicroelectronics.X-CUBE-NFC12.1.0.0
2026-09-28 18:11:44,920 [WARN] PackLoader:238 - Cannot read IP mode file for STMicroelectronics.X-CUBE-NFC13.1.0.0
2026-09-28 18:11:44,924 [WARN] PackLoader:238 - Cannot read IP mode file for STMicroelectronics.X-CUBE-SFXS2LP1.4.0.0
2026-09-28 18:11:44,928 [WARN] PackLoader:238 - Cannot read IP mode file for STMicroelectronics.X-CUBE-SUBG2.5.0.0
2026-09-28 18:11:44,931 [WARN] PopulateThirdPartyThread:100 - Error when creating pack: /home/rmb/.stm32cubemx/thirdparties/pdsc/STMicroelectronics.X-CUBE-SMBUS.pdsc
2026-09-28 18:11:44,931 [WARN] PopulateThirdPartyThread:100 - Error when creating pack: /home/rmb/.stm32cubemx/thirdparties/pdsc/STMicroelectronics.X-CUBE-ST60.pdsc
2026-09-28 18:11:44,932 [WARN] PopulateThirdPartyThread:100 - Error when creating pack: /home/rmb/.stm32cubemx/thirdparties/pdsc/STMicroelectronics.X-CUBE-ST67W61.pdsc
2026-09-28 18:11:44,934 [WARN] PackLoader:238 - Cannot read IP mode file for STMicroelectronics.X-CUBE-STSE01.2.0.0
2026-09-28 18:11:44,936 [WARN] PackLoader:238 - Cannot read IP mode file for STMicroelectronics.X-CUBE-PM33A1.1.0.0
2026-09-28 18:11:44,938 [WARN] PopulateThirdPartyThread:100 - Error when creating pack: /home/rmb/.stm32cubemx/thirdparties/pdsc/STMicroelectronics.X-CUBE-TCPP.pdsc
2026-09-28 18:11:44,939 [WARN] PopulateThirdPartyThread:100 - Error when creating pack: /home/rmb/.stm32cubemx/thirdparties/pdsc/STMicroelectronics.X-CUBE-TOF1.pdsc
2026-09-28 18:11:44,940 [WARN] PackLoader:238 - Cannot read IP mode file for STMicroelectronics.X-CUBE-TOUCHGFX.4.26.1
2026-09-28 18:11:44,942 [WARN] PackLoader:238 - Cannot read IP mode file for STMicroelectronics.X-CUBE-ALGOBUILD.1.5.0
2026-09-28 18:11:44,950 [WARN] PackLoader:238 - Cannot read IP mode file for STMicroelectronics.X-CUBE-AZRTOS-H7.3.5.0
2026-09-28 18:11:44,958 [WARN] PackLoader:238 - Cannot read IP mode file for STMicroelectronics.X-CUBE-AZRTOS-H7RS.1.3.0
2026-09-28 18:11:44,966 [WARN] PackLoader:238 - Cannot read IP mode file for STMicroelectronics.X-CUBE-AZRTOS-F4.1.1.0
2026-09-28 18:11:44,974 [WARN] PackLoader:238 - Cannot read IP mode file for STMicroelectronics.X-CUBE-AZRTOS-F7.1.1.0
2026-09-28 18:11:44,983 [WARN] ConditionMgr:437 - getConditionDescription Invalid condition id : LAN8742 Phy interface Condition cause : null
2026-09-28 18:11:44,983 [WARN] PackLoader:238 - Cannot read IP mode file for STMicroelectronics.X-CUBE-AZRTOS-L4.2.0.0
2026-09-28 18:11:44,984 [WARN] ConditionMgr:1038 - genDependencies : Invalid condition id : LAN8742 Phy interface Condition cause : null
2026-09-28 18:11:44,984 [WARN] ConditionMgr:1038 - genDependencies : Invalid condition id : LAN8742 Phy interface Condition cause : null
2026-09-28 18:11:44,984 [WARN] ConditionMgr:1038 - genDependencies : Invalid condition id : LAN8742 Phy interface Condition cause : null
2026-09-28 18:11:44,991 [WARN] PackLoader:238 - Cannot read IP mode file for STMicroelectronics.X-CUBE-AZRTOS-L5.2.0.0
2026-09-28 18:11:44,998 [WARN] PackLoader:238 - Cannot read IP mode file for STMicroelectronics.X-CUBE-AZRTOS-G0.1.1.0
2026-09-28 18:11:45,005 [WARN] PackLoader:238 - Cannot read IP mode file for STMicroelectronics.X-CUBE-AZRTOS-G4.2.0.0
2026-09-28 18:11:45,019 [WARN] ConditionMgr:437 - getConditionDescription Invalid condition id : UX DEVICE CLASS RTOS Condition cause : null
2026-09-28 18:11:45,019 [WARN] ConditionMgr:437 - getConditionDescription Invalid condition id : UX DEVICE CLASS RTOS Condition cause : null
2026-09-28 18:11:45,020 [WARN] PackLoader:238 - Cannot read IP mode file for STMicroelectronics.X-CUBE-AZRTOS-WB.2.0.0
2026-09-28 18:11:45,020 [WARN] ConditionMgr:1038 - genDependencies : Invalid condition id : UX DEVICE CLASS RTOS Condition cause : null
2026-09-28 18:11:45,020 [WARN] ConditionMgr:1038 - genDependencies : Invalid condition id : UX DEVICE CLASS RTOS Condition cause : null
2026-09-28 18:11:45,020 [WARN] ConditionMgr:1038 - genDependencies : Invalid condition id : UX DEVICE CLASS RTOS Condition cause : null
2026-09-28 18:11:45,020 [WARN] ConditionMgr:1038 - genDependencies : Invalid condition id : UX DEVICE CLASS RTOS Condition cause : null
2026-09-28 18:11:45,020 [WARN] ConditionMgr:1038 - genDependencies : Invalid condition id : UX DEVICE CLASS RTOS Condition cause : null
2026-09-28 18:11:45,023 [INFO] LogOutputStream:76 - [STDOUT_REDIRECT] 1 : Invalid condition id : UX_CORESTACK_Condition cause : null
2026-09-28 18:11:45,023 [INFO] LogOutputStream:76 - [STDOUT_REDIRECT] 1 : Invalid condition id : UX_CORESTACK_Condition cause : null
2026-09-28 18:11:45,023 [INFO] LogOutputStream:76 - [STDOUT_REDIRECT] 1 : Invalid condition id : UX_CORESTACK_Condition cause : null
2026-09-28 18:11:45,023 [INFO] LogOutputStream:76 - [STDOUT_REDIRECT] 1 : Invalid condition id : UX_CORESTACK_Condition cause : null
2026-09-28 18:11:45,023 [INFO] LogOutputStream:76 - [STDOUT_REDIRECT] 1 : Invalid condition id : UX_CORESTACK_Condition cause : null
2026-09-28 18:11:45,025 [WARN] PackLoader:238 - Cannot read IP mode file for STMicroelectronics.X-CUBE-AZRTOS-WL.2.0.0
2026-09-28 18:11:45,028 [WARN] PackLoader:238 - Cannot read IP mode file for STMicroelectronics.X-CUBE-WB05N.2.1.0
2026-09-28 18:11:45,029 [WARN] PopulateThirdPartyThread:100 - Error when creating pack: /home/rmb/.stm32cubemx/thirdparties/pdsc/STMicroelectronics.X-CUBE-WBA.pdsc
2026-09-28 18:11:45,029 [WARN] PopulateThirdPartyThread:100 - Error when creating pack: /home/rmb/.stm32cubemx/thirdparties/pdsc/STMicroelectronics.eDS-WB_DPC_VIENNA.pdsc
2026-09-28 18:11:45,030 [WARN] PopulateThirdPartyThread:100 - Error when creating pack: /home/rmb/.stm32cubemx/thirdparties/pdsc/STMicroelectronics.eDS-WB_DPC_TT-BIDIR.pdsc
2026-09-28 18:11:45,030 [WARN] PopulateThirdPartyThread:100 - Error when creating pack: /home/rmb/.stm32cubemx/thirdparties/pdsc/STMicroelectronics.eDS-WB_DPC_3PH2L-BIDIR.pdsc
2026-09-28 18:11:45,031 [WARN] PackLoader:238 - Cannot read IP mode file for wolfSSL.I-CUBE-wolfSSL.5.9.2
2026-09-28 18:11:45,031 [WARN] PackLoader:238 - Cannot read IP mode file for wolfSSL.I-CUBE-wolfMQTT.1.19.2
2026-09-28 18:11:45,032 [WARN] PackLoader:238 - Cannot read IP mode file for wolfSSL.I-CUBE-wolfTPM.3.8.0
2026-09-28 18:11:45,033 [WARN] PackLoader:238 - Cannot read IP mode file for wolfSSL.I-CUBE-wolfSSH.1.4.20
2026-09-28 18:11:45,053 [WARN] PackLoader:238 - Cannot read IP mode file for SEGGER.I-CUBE-embOS.1.3.1
2026-09-28 18:11:45,068 [WARN] PackLoader:238 - Cannot read IP mode file for emotas.I-CUBE-CANOPEN.1.3.0
2026-09-28 18:11:45,069 [WARN] PopulateThirdPartyThread:100 - Error when creating pack: /home/rmb/.stm32cubemx/thirdparties/pdsc/WES.I-CUBE-Cesium.pdsc
2026-09-28 18:11:45,071 [WARN] PackLoader:238 - Cannot read IP mode file for ITTIA_DB.I-CUBE-ITTIADB.8.9.0
2026-09-28 18:11:45,072 [WARN] PopulateThirdPartyThread:100 - Error when creating pack: /home/rmb/.stm32cubemx/thirdparties/pdsc/Infineon.AIROC-Wi-Fi-Bluetooth-STM32.pdsc
2026-09-28 18:11:45,073 [WARN] PopulateThirdPartyThread:100 - Error when creating pack: /home/rmb/.stm32cubemx/thirdparties/pdsc/EmbeddedOffice.I-CUBE-FS-RTOS.pdsc
2026-09-28 18:11:45,073 [WARN] PopulateThirdPartyThread:100 - Error when creating pack: /home/rmb/.stm32cubemx/thirdparties/pdsc/quantropi.X-CUBE-qispace-sdk-base.pdsc
2026-09-28 18:11:45,073 [WARN] PopulateThirdPartyThread:100 - Error when creating pack: /home/rmb/.stm32cubemx/thirdparties/pdsc/Avnet-IOTCONNECT.X-CUBE-iotc-st67-sdk.pdsc
2026-09-28 18:11:45,073 [INFO] PopulateThirdPartyThread:60 - Ending populate Thread
2026-09-28 18:11:45,076 [INFO] ThirdParty:977 - CMSIS Pack Vendor :wolfSSL I-CUBE-wolfTPM 3.8.0
2026-09-28 18:11:45,076 [INFO] ThirdParty:977 - CMSIS Pack Vendor :STMicroelectronics X-CUBE-AZRTOS-H7 3.5.0
2026-09-28 18:11:45,076 [INFO] ThirdParty:977 - CMSIS Pack Vendor :STMicroelectronics X-CUBE-PM33A1 1.0.0
2026-09-28 18:11:45,076 [INFO] ThirdParty:977 - CMSIS Pack Vendor :STMicroelectronics X-CUBE-DISPLAY 3.0.0
2026-09-28 18:11:45,076 [INFO] ThirdParty:977 - CMSIS Pack Vendor :STMicroelectronics X-CUBE-NFC9 1.0.0
2026-09-28 18:11:45,076 [INFO] ThirdParty:977 - CMSIS Pack Vendor :wolfSSL I-CUBE-wolfSSH 1.4.20
2026-09-28 18:11:45,076 [INFO] ThirdParty:977 - CMSIS Pack Vendor :STMicroelectronics X-CUBE-NFC7 2.0.0
2026-09-28 18:11:45,076 [INFO] ThirdParty:977 - CMSIS Pack Vendor :STMicroelectronics X-CUBE-GNSS1 7.1.1
2026-09-28 18:11:45,076 [INFO] ThirdParty:977 - CMSIS Pack Vendor :STMicroelectronics FP-ATR-ASTRA1 2.0.3
2026-09-28 18:11:45,076 [INFO] ThirdParty:977 - CMSIS Pack Vendor :STMicroelectronics X-CUBE-AZRTOS-F4 1.1.0
2026-09-28 18:11:45,076 [INFO] ThirdParty:977 - CMSIS Pack Vendor :STMicroelectronics FP-ATR-SIGFOX1 3.2.0
2026-09-28 18:11:45,076 [INFO] ThirdParty:977 - CMSIS Pack Vendor :STMicroelectronics X-CUBE-NFC10 1.0.0
2026-09-28 18:11:45,076 [INFO] ThirdParty:977 - CMSIS Pack Vendor :wolfSSL I-CUBE-wolfMQTT 1.19.2
2026-09-28 18:11:45,076 [INFO] ThirdParty:977 - CMSIS Pack Vendor :STMicroelectronics X-CUBE-ISPU 2.1.0
2026-09-28 18:11:45,076 [INFO] ThirdParty:977 - CMSIS Pack Vendor :STMicroelectronics X-CUBE-EEPRMA1 5.2.0
2026-09-28 18:11:45,076 [INFO] ThirdParty:977 - CMSIS Pack Vendor :STMicroelectronics X-CUBE-ALS 1.0.2
2026-09-28 18:11:45,076 [INFO] ThirdParty:977 - CMSIS Pack Vendor :STMicroelectronics X-CUBE-AZRTOS-WB 2.0.0
2026-09-28 18:11:45,076 [INFO] ThirdParty:977 - CMSIS Pack Vendor :emotas I-CUBE-CANOPEN 1.3.0
2026-09-28 18:11:45,076 [INFO] ThirdParty:977 - CMSIS Pack Vendor :wolfSSL I-CUBE-wolfSSL 5.9.2
2026-09-28 18:11:45,076 [INFO] ThirdParty:977 - CMSIS Pack Vendor :ITTIA_DB I-CUBE-ITTIADB 8.9.0
2026-09-28 18:11:45,076 [INFO] ThirdParty:977 - CMSIS Pack Vendor :STMicroelectronics X-CUBE-NFC12 1.0.0
2026-09-28 18:11:45,076 [INFO] ThirdParty:977 - CMSIS Pack Vendor :STMicroelectronics X-CUBE-AZRTOS-F7 1.1.0
2026-09-28 18:11:45,076 [INFO] ThirdParty:977 - CMSIS Pack Vendor :STMicroelectronics X-CUBE-AZRTOS-L5 2.0.0
2026-09-28 18:11:45,076 [INFO] ThirdParty:977 - CMSIS Pack Vendor :STMicroelectronics X-CUBE-TOUCHGFX 4.26.1
2026-09-28 18:11:45,076 [INFO] ThirdParty:977 - CMSIS Pack Vendor :STMicroelectronics X-CUBE-NFC6 3.2.0
2026-09-28 18:11:45,076 [INFO] ThirdParty:977 - CMSIS Pack Vendor :STMicroelectronics X-CUBE-AI 10.2.1
2026-09-28 18:11:45,076 [INFO] ThirdParty:977 - CMSIS Pack Vendor :STMicroelectronics FP-SNS-SMARTAG2 1.2.0
2026-09-28 18:11:45,076 [INFO] ThirdParty:977 - CMSIS Pack Vendor :STMicroelectronics X-CUBE-STSE01 2.0.0
2026-09-28 18:11:45,076 [INFO] ThirdParty:977 - CMSIS Pack Vendor :STMicroelectronics X-CUBE-AZRTOS-WL 2.0.0
2026-09-28 18:11:45,076 [INFO] ThirdParty:977 - CMSIS Pack Vendor :SEGGER I-CUBE-embOS 1.3.1
2026-09-28 18:11:45,076 [INFO] ThirdParty:977 - CMSIS Pack Vendor :STMicroelectronics X-CUBE-ALGOBUILD 1.5.0
2026-09-28 18:11:45,076 [INFO] ThirdParty:977 - CMSIS Pack Vendor :STMicroelectronics X-CUBE-AZRTOS-H7RS 1.3.0
2026-09-28 18:11:45,076 [INFO] ThirdParty:977 - CMSIS Pack Vendor :STMicroelectronics X-CUBE-AZRTOS-G0 1.1.0
2026-09-28 18:11:45,076 [INFO] ThirdParty:977 - CMSIS Pack Vendor :STMicroelectronics X-CUBE-NFC4 3.0.0
2026-09-28 18:11:45,076 [INFO] ThirdParty:977 - CMSIS Pack Vendor :STMicroelectronics X-CUBE-SUBG2 5.0.0
2026-09-28 18:11:45,076 [INFO] ThirdParty:977 - CMSIS Pack Vendor :STMicroelectronics X-CUBE-AZRTOS-L4 2.0.0
2026-09-28 18:11:45,076 [INFO] ThirdParty:977 - CMSIS Pack Vendor :STMicroelectronics X-CUBE-MEMS1 13.0.0
2026-09-28 18:11:45,076 [INFO] ThirdParty:977 - CMSIS Pack Vendor :STMicroelectronics X-CUBE-SFXS2LP1 4.0.0
2026-09-28 18:11:45,076 [INFO] ThirdParty:977 - CMSIS Pack Vendor :STMicroelectronics X-CUBE-AZRTOS-G4 2.0.0
2026-09-28 18:11:45,076 [INFO] ThirdParty:977 - CMSIS Pack Vendor :STMicroelectronics X-CUBE-NFC13 1.0.0
2026-09-28 18:11:45,076 [INFO] ThirdParty:977 - CMSIS Pack Vendor :STMicroelectronics X-CUBE-WB05N 2.1.0
2026-09-28 18:11:45,077 [INFO] LoadServerUpdatesThread:362 - End of LoadServerUpdate Thread
2026-09-28 18:18:50,916 [INFO] MainUpdater:2729 - connection check result : 10
2026-09-28 18:18:50,917 [INFO] MainUpdater:2729 - connection check result : 10
2026-09-28 18:18:50,929 [INFO] MicroXplorer:447 - Change Database Path : 
2026-09-28 18:18:50,929 [INFO] MicroXplorer:477 - Change Database Version : DB.6.0.50
2026-09-28 18:18:50,929 [WARN] ThirdParty:823 - waiting for thirdparty lock release [close project]
2026-09-28 18:18:50,929 [INFO] ThirdParty:825 - entering critical section [close project]
2026-09-28 18:18:50,930 [INFO] ThirdParty:835 - exiting critical section [close project]
2026-09-28 18:18:50,932 [INFO] PinOutPanel:1465 - setPackage(No Configuration,No Configuration)
2026-09-28 18:18:50,935 [INFO] UtilMem:74 - Begin LoadConfig() Used Memory: 606806896 Bytes (774897664)
2026-09-28 18:18:50,936 [INFO] MicroXplorer:447 - Change Database Path : 
2026-09-28 18:18:50,936 [INFO] MicroXplorer:477 - Change Database Version : DB.6.0.50
2026-09-28 18:18:50,936 [INFO] OpenFileManager:303 - Change cursor
2026-09-28 18:18:50,944 [WARN] IntegrityCheckThread:78 - waiting for thirdparty lock release [integrity check]
2026-09-28 18:18:50,944 [INFO] IntegrityCheckThread:80 - entering critical section [integrity check]
2026-09-28 18:18:51,003 [WARN] PackLoader:238 - Cannot read IP mode file for STMicroelectronics.X-CUBE-AZRTOS-H7.3.5.0
2026-09-28 18:18:51,008 [WARN] PackLoader:238 - Cannot read IP mode file for STMicroelectronics.FP-ATR-ASTRA1.2.0.3
2026-09-28 18:18:51,009 [ERROR] Engine:463 - /home/rmb/.stm32cubemx/thirdparties/pdsc/STMicroelectronics.X-CUBE-SMBUS.2.1.1.pdsc: PDSC version is not supported
2026-09-28 18:18:51,015 [WARN] PackLoader:238 - Cannot read IP mode file for STMicroelectronics.X-CUBE-AZRTOS-F7.1.1.0
2026-09-28 18:18:51,019 [ERROR] Engine:463 - /home/rmb/.stm32cubemx/thirdparties/pdsc/STMicroelectronics.X-CUBE-FREERTOS.1.6.0.pdsc: PDSC version is not supported
2026-09-28 18:18:51,020 [ERROR] Engine:463 - /home/rmb/.stm32cubemx/thirdparties/pdsc/STMicroelectronics.FP-SNS-MOTENV1.5.1.0.pdsc: PDSC version is not supported
2026-09-28 18:18:51,027 [WARN] PackLoader:238 - Cannot read IP mode file for STMicroelectronics.X-CUBE-AZRTOS-H7RS.1.3.0
2026-09-28 18:18:51,033 [ERROR] Engine:463 - /home/rmb/.stm32cubemx/thirdparties/pdsc/WES.I-CUBE-Cesium.1.4.0.pdsc: PDSC version is not supported
2026-09-28 18:18:51,038 [WARN] PackLoader:238 - Cannot read IP mode file for STMicroelectronics.X-CUBE-DISPLAY.3.0.0
2026-09-28 18:18:51,057 [WARN] PackLoader:238 - Cannot read IP mode file for STMicroelectronics.X-CUBE-GNSS1.7.1.1
2026-09-28 18:18:51,060 [ERROR] Engine:463 - /home/rmb/.stm32cubemx/thirdparties/pdsc/STMicroelectronics.FP-SNS-MOTENVWB1.1.5.0.pdsc: PDSC version is not supported
2026-09-28 18:18:51,064 [WARN] PackLoader:238 - Cannot read IP mode file for STMicroelectronics.X-CUBE-NFC10.1.0.0
2026-09-28 18:18:51,067 [ERROR] Engine:463 - /home/rmb/.stm32cubemx/thirdparties/pdsc/STMicroelectronics.X-CUBE-ST60.1.1.0.pdsc: PDSC version is not supported
2026-09-28 18:18:51,069 [WARN] PackLoader:238 - Cannot read IP mode file for emotas.I-CUBE-CANOPEN.1.3.0
2026-09-28 18:18:51,071 [WARN] PackLoader:238 - Cannot read IP mode file for wolfSSL.I-CUBE-wolfSSL.5.9.2
2026-09-28 18:18:51,072 [ERROR] Engine:463 - /home/rmb/.stm32cubemx/thirdparties/pdsc/STMicroelectronics.X-CUBE-WBA.1.1.0.pdsc: PDSC version is not supported
2026-09-28 18:18:51,073 [ERROR] Engine:463 - /home/rmb/.stm32cubemx/thirdparties/pdsc/STMicroelectronics.FP-SNS-STBOX1.2.1.0.pdsc: PDSC version is not supported
2026-09-28 18:18:51,074 [WARN] PackLoader:238 - Cannot read IP mode file for STMicroelectronics.FP-SNS-SMARTAG2.1.2.0
2026-09-28 18:18:51,075 [ERROR] Engine:463 - /home/rmb/.stm32cubemx/thirdparties/pdsc/STMicroelectronics.FP-SNS-FLIGHT1.5.1.0.pdsc: PDSC version is not supported
2026-09-28 18:18:51,079 [INFO] LogOutputStream:76 - [STDOUT_REDIRECT] 1 : Invalid condition id : UX_CORESTACK_Condition cause : null
2026-09-28 18:18:51,079 [INFO] LogOutputStream:76 - [STDOUT_REDIRECT] 1 : Invalid condition id : UX_CORESTACK_Condition cause : null
2026-09-28 18:18:51,079 [INFO] LogOutputStream:76 - [STDOUT_REDIRECT] 1 : Invalid condition id : UX_CORESTACK_Condition cause : null
2026-09-28 18:18:51,080 [INFO] LogOutputStream:76 - [STDOUT_REDIRECT] 1 : Invalid condition id : UX_CORESTACK_Condition cause : null
2026-09-28 18:18:51,080 [INFO] LogOutputStream:76 - [STDOUT_REDIRECT] 1 : Invalid condition id : UX_CORESTACK_Condition cause : null
2026-09-28 18:18:51,083 [WARN] PackLoader:238 - Cannot read IP mode file for STMicroelectronics.X-CUBE-AZRTOS-WL.2.0.0
2026-09-28 18:18:51,085 [ERROR] Engine:463 - /home/rmb/.stm32cubemx/thirdparties/pdsc/Avnet-IOTCONNECT.X-CUBE-iotc-st67-sdk.1.0.0.pdsc: PDSC version is not supported
2026-09-28 18:18:51,089 [ERROR] Engine:463 - /home/rmb/.stm32cubemx/thirdparties/pdsc/Infineon.AIROC-Wi-Fi-Bluetooth-STM32.1.8.0.pdsc: PDSC version is not supported
2026-09-28 18:18:51,094 [WARN] PackLoader:238 - Cannot read IP mode file for STMicroelectronics.X-CUBE-NFC9.1.0.0
2026-09-28 18:18:51,097 [WARN] PackLoader:238 - Cannot read IP mode file for wolfSSL.I-CUBE-wolfMQTT.1.19.2
2026-09-28 18:18:51,101 [WARN] PackLoader:238 - Cannot read IP mode file for STMicroelectronics.X-CUBE-EEPRMA1.5.2.0
2026-09-28 18:18:51,114 [WARN] PackLoader:238 - Cannot read IP mode file for STMicroelectronics.X-CUBE-AZRTOS-G0.1.1.0
2026-09-28 18:18:51,117 [WARN] PackLoader:238 - Cannot read IP mode file for STMicroelectronics.X-CUBE-NFC4.3.0.0
2026-09-28 18:18:51,118 [ERROR] Engine:463 - /home/rmb/.stm32cubemx/thirdparties/pdsc/EmbeddedOffice.I-CUBE-FS-RTOS.1.0.1.pdsc: PDSC version is not supported
2026-09-28 18:18:51,118 [WARN] PackLoader:238 - Cannot read IP mode file for wolfSSL.I-CUBE-wolfTPM.3.8.0
2026-09-28 18:18:51,119 [ERROR] Engine:463 - /home/rmb/.stm32cubemx/thirdparties/pdsc/STMicroelectronics.X-CUBE-TCPP.4.2.0.pdsc: PDSC version is not supported
2026-09-28 18:18:51,120 [WARN] PackLoader:238 - Cannot read IP mode file for STMicroelectronics.FP-ATR-SIGFOX1.3.2.0
2026-09-28 18:18:51,121 [WARN] PackLoader:238 - Cannot read IP mode file for ITTIA_DB.I-CUBE-ITTIADB.8.9.0
2026-09-28 18:18:51,123 [WARN] PackLoader:238 - Cannot read IP mode file for STMicroelectronics.X-CUBE-NFC6.3.2.0
2026-09-28 18:18:51,125 [WARN] PackLoader:238 - Cannot read IP mode file for STMicroelectronics.X-CUBE-AI.10.2.1
2026-09-28 18:18:51,135 [WARN] PackLoader:238 - Cannot read IP mode file for SEGGER.I-CUBE-embOS.1.3.1
2026-09-28 18:18:51,151 [ERROR] Engine:463 - /home/rmb/.stm32cubemx/thirdparties/pdsc/STMicroelectronics.FP-SNS-STAIOTCFT.2.0.0.pdsc: PDSC version is not supported
2026-09-28 18:18:51,153 [WARN] PackLoader:238 - Cannot read IP mode file for STMicroelectronics.X-CUBE-NFC13.1.0.0
2026-09-28 18:18:51,155 [WARN] PackLoader:238 - Cannot read IP mode file for STMicroelectronics.X-CUBE-PM33A1.1.0.0
2026-09-28 18:18:51,161 [WARN] PackLoader:238 - Cannot read IP mode file for STMicroelectronics.X-CUBE-AZRTOS-F4.1.1.0
2026-09-28 18:18:51,164 [WARN] PackLoader:238 - Cannot read IP mode file for STMicroelectronics.X-CUBE-ISPU.2.1.0
2026-09-28 18:18:51,166 [ERROR] Engine:463 - /home/rmb/.stm32cubemx/thirdparties/pdsc/STMicroelectronics.X-CUBE-IPS.3.2.0.pdsc: PDSC version is not supported
2026-09-28 18:18:51,167 [ERROR] Engine:463 - /home/rmb/.stm32cubemx/thirdparties/pdsc/STMicroelectronics.eDS-WB_DPC_TT-BIDIR.2.1.1.pdsc: PDSC version is not supported
2026-09-28 18:18:51,169 [WARN] PackLoader:238 - Cannot read IP mode file for STMicroelectronics.X-CUBE-NFC12.1.0.0
2026-09-28 18:18:51,175 [WARN] PackLoader:238 - Cannot read IP mode file for STMicroelectronics.X-CUBE-AZRTOS-L5.2.0.0
2026-09-28 18:18:51,178 [WARN] PackLoader:238 - Cannot read IP mode file for STMicroelectronics.X-CUBE-ALGOBUILD.1.5.0
2026-09-28 18:18:51,180 [ERROR] Engine:463 - /home/rmb/.stm32cubemx/thirdparties/pdsc/STMicroelectronics.eDS-WB_DPC_VIENNA.1.2.0.pdsc: PDSC version is not supported
2026-09-28 18:18:51,199 [WARN] PackLoader:238 - Cannot read IP mode file for STMicroelectronics.X-CUBE-MEMS1.13.0.0
2026-09-28 18:18:51,231 [ERROR] Engine:463 - /home/rmb/.stm32cubemx/thirdparties/pdsc/STMicroelectronics.eDS-WB_DPC_3PH2L-BIDIR.1.1.1.pdsc: PDSC version is not supported
2026-09-28 18:18:51,232 [ERROR] Engine:463 - /home/rmb/.stm32cubemx/thirdparties/pdsc/STMicroelectronics.X-CUBE-ST67W61.1.3.0.pdsc: PDSC version is not supported
2026-09-28 18:18:51,233 [WARN] PackLoader:238 - Cannot read IP mode file for STMicroelectronics.X-CUBE-TOUCHGFX.4.26.1
2026-09-28 18:18:51,234 [ERROR] Engine:463 - /home/rmb/.stm32cubemx/thirdparties/pdsc/STMicroelectronics.X-CUBE-DPower.1.3.0.pdsc: PDSC version is not supported
2026-09-28 18:18:51,239 [WARN] ConditionMgr:437 - getConditionDescription Invalid condition id : LAN8742 Phy interface Condition cause : null
2026-09-28 18:18:51,240 [WARN] PackLoader:238 - Cannot read IP mode file for STMicroelectronics.X-CUBE-AZRTOS-L4.2.0.0
2026-09-28 18:18:51,240 [WARN] ConditionMgr:1038 - genDependencies : Invalid condition id : LAN8742 Phy interface Condition cause : null
2026-09-28 18:18:51,240 [WARN] ConditionMgr:1038 - genDependencies : Invalid condition id : LAN8742 Phy interface Condition cause : null
2026-09-28 18:18:51,241 [WARN] ConditionMgr:1038 - genDependencies : Invalid condition id : LAN8742 Phy interface Condition cause : null
2026-09-28 18:18:51,243 [WARN] PackLoader:238 - Cannot read IP mode file for STMicroelectronics.X-CUBE-SFXS2LP1.4.0.0
2026-09-28 18:18:51,245 [WARN] PackLoader:238 - Cannot read IP mode file for STMicroelectronics.X-CUBE-WB05N.2.1.0
2026-09-28 18:18:51,250 [WARN] ConditionMgr:437 - getConditionDescription Invalid condition id : UX DEVICE CLASS RTOS Condition cause : null
2026-09-28 18:18:51,250 [WARN] ConditionMgr:437 - getConditionDescription Invalid condition id : UX DEVICE CLASS RTOS Condition cause : null
2026-09-28 18:18:51,251 [WARN] PackLoader:238 - Cannot read IP mode file for STMicroelectronics.X-CUBE-AZRTOS-WB.2.0.0
2026-09-28 18:18:51,251 [WARN] ConditionMgr:1038 - genDependencies : Invalid condition id : UX DEVICE CLASS RTOS Condition cause : null
2026-09-28 18:18:51,251 [WARN] ConditionMgr:1038 - genDependencies : Invalid condition id : UX DEVICE CLASS RTOS Condition cause : null
2026-09-28 18:18:51,251 [WARN] ConditionMgr:1038 - genDependencies : Invalid condition id : UX DEVICE CLASS RTOS Condition cause : null
2026-09-28 18:18:51,251 [WARN] ConditionMgr:1038 - genDependencies : Invalid condition id : UX DEVICE CLASS RTOS Condition cause : null
2026-09-28 18:18:51,251 [WARN] ConditionMgr:1038 - genDependencies : Invalid condition id : UX DEVICE CLASS RTOS Condition cause : null
2026-09-28 18:18:51,253 [ERROR] Engine:463 - /home/rmb/.stm32cubemx/thirdparties/pdsc/quantropi.X-CUBE-qispace-sdk-base.2.1.0.pdsc: PDSC version is not supported
2026-09-28 18:18:51,255 [WARN] PackLoader:238 - Cannot read IP mode file for STMicroelectronics.X-CUBE-STSE01.2.0.0
2026-09-28 18:18:51,258 [WARN] PackLoader:238 - Cannot read IP mode file for STMicroelectronics.X-CUBE-SUBG2.5.0.0
2026-09-28 18:18:51,265 [WARN] PackLoader:238 - Cannot read IP mode file for STMicroelectronics.X-CUBE-AZRTOS-G4.2.0.0
2026-09-28 18:18:51,267 [WARN] PackLoader:238 - Cannot read IP mode file for wolfSSL.I-CUBE-wolfSSH.1.4.20
2026-09-28 18:18:51,268 [WARN] PackLoader:238 - Cannot read IP mode file for STMicroelectronics.X-CUBE-NFC7.2.0.0
2026-09-28 18:18:51,270 [ERROR] Engine:463 - /home/rmb/.stm32cubemx/thirdparties/pdsc/STMicroelectronics.X-CUBE-TOF1.3.4.3.pdsc: PDSC version is not supported
2026-09-28 18:18:51,270 [INFO] ThirdParty:925 - Integrity check success = true
2026-09-28 18:18:51,270 [INFO] IntegrityCheckThread:94 - exiting critical section [integrity check]
2026-09-28 18:18:51,270 [INFO] IntegrityCheckThread:97 - End integrity checks thread
2026-09-28 18:18:51,289 [INFO] Mcu:1893 - Initializing MCU STM32F427VITx STM32F427VITx 
2026-09-28 18:18:51,290 [INFO] Mcu:1906 - No CPN specified => set CPN to STM32F427VIT6
2026-09-28 18:18:51,994 [INFO] Context:599 - Trying to add GPIOservice into a context  which must be forbidden
2026-09-28 18:18:52,216 [INFO] ImportTextPane:183 - (OptionalMessage_ERROR) Unable to find key (Mcu.ThirdPartyNb) in loaded IOC file
2026-09-28 18:18:52,256 [WARN] ApiManager:304 - Cannot register API 'Board Extension:PM33A1' from pack STMicroelectronics.X-CUBE-PM33A1.1.0.0: no header file found
2026-09-28 18:18:52,257 [WARN] ApiManager:304 - Cannot register API 'Board Extension:NFC09A1' from pack STMicroelectronics.X-CUBE-NFC9.1.0.0: no header file found
2026-09-28 18:18:52,261 [WARN] ApiManager:304 - Cannot register API 'Board Extension:EEPRMA2' from pack STMicroelectronics.X-CUBE-EEPRMA1.5.2.0: no header file found
2026-09-28 18:18:52,261 [WARN] ApiManager:304 - Cannot register API 'Board Extension:PGEEZ1' from pack STMicroelectronics.X-CUBE-EEPRMA1.5.2.0: no header file found
2026-09-28 18:18:52,261 [WARN] ApiManager:304 - Cannot register API 'Board Extension:EEICA1' from pack STMicroelectronics.X-CUBE-EEPRMA1.5.2.0: no header file found
2026-09-28 18:18:52,261 [WARN] ApiManager:304 - Cannot register API 'Board Part:M24' from pack STMicroelectronics.X-CUBE-EEPRMA1.5.2.0: no header file found
2026-09-28 18:18:52,261 [WARN] ApiManager:304 - Cannot register API 'Board Part:M95' from pack STMicroelectronics.X-CUBE-EEPRMA1.5.2.0: no header file found
2026-09-28 18:18:52,261 [WARN] ApiManager:304 - Cannot register API 'Board Part:M95P32' from pack STMicroelectronics.X-CUBE-EEPRMA1.5.2.0: no header file found
2026-09-28 18:18:52,262 [WARN] ApiManager:304 - Cannot register API 'Board Part:M24256E-F' from pack STMicroelectronics.X-CUBE-EEPRMA1.5.2.0: no header file found
2026-09-28 18:18:52,262 [WARN] ApiManager:304 - Cannot register API 'Board Part:M24M01E-F' from pack STMicroelectronics.X-CUBE-EEPRMA1.5.2.0: no header file found
2026-09-28 18:18:52,262 [WARN] ApiManager:304 - Cannot register API 'PGEEZ1:SPI' from pack STMicroelectronics.X-CUBE-EEPRMA1.5.2.0: no header file found
2026-09-28 18:18:52,262 [WARN] ApiManager:304 - Cannot register API 'PGEEZ1:QDSPI' from pack STMicroelectronics.X-CUBE-EEPRMA1.5.2.0: no header file found
2026-09-28 18:18:52,262 [WARN] ApiManager:304 - Cannot register API 'Board Extension:NFC12A1' from pack STMicroelectronics.X-CUBE-NFC12.1.0.0: no header file found
2026-09-28 18:18:52,264 [WARN] ApiManager:304 - Cannot register API 'Board Extension:SAFEA1' from pack STMicroelectronics.X-CUBE-STSE01.2.0.0: no header file found
2026-09-28 18:18:52,264 [WARN] ApiManager:304 - Cannot register API 'Board Extension:ESE01A1' from pack STMicroelectronics.X-CUBE-STSE01.2.0.0: no header file found
2026-09-28 18:18:52,264 [WARN] ApiManager:304 - Cannot register API 'Board Extension:ESE02A1' from pack STMicroelectronics.X-CUBE-STSE01.2.0.0: no header file found
2026-09-28 18:18:52,264 [WARN] ApiManager:304 - Cannot register API 'Board Part:STSAFEA110' from pack STMicroelectronics.X-CUBE-STSE01.2.0.0: no header file found
2026-09-28 18:18:52,264 [WARN] ApiManager:304 - Cannot register API 'Board Part:STSAFEA120' from pack STMicroelectronics.X-CUBE-STSE01.2.0.0: no header file found
2026-09-28 18:18:52,264 [WARN] ApiManager:304 - Cannot register API 'Board Part:STSAFEL010' from pack STMicroelectronics.X-CUBE-STSE01.2.0.0: no header file found
2026-09-28 18:18:52,264 [WARN] ApiManager:304 - Cannot register API 'Security:STM32_Cryptographic' from pack STMicroelectronics.X-CUBE-STSE01.2.0.0: no header file found
2026-09-28 18:18:52,264 [WARN] ApiManager:304 - Cannot register API 'Security:STSELib' from pack STMicroelectronics.X-CUBE-STSE01.2.0.0: no header file found
2026-09-28 18:18:52,266 [INFO] RtosManager:484 - Registered RTOS mode: class=CMSIS, group=RTOS, mode=CMSIS_V1, owner=FREERTOS
2026-09-28 18:18:52,266 [INFO] RtosManager:484 - Registered RTOS mode: class=CMSIS, group=RTOS2, mode=CMSIS_V2, owner=FREERTOS
2026-09-28 18:18:52,266 [INFO] RtosManager:484 - Registered RTOS mode: class=RTOS, group=Core, mode=CMSIS_V1, owner=FREERTOS
2026-09-28 18:18:52,266 [INFO] RtosManager:484 - Registered RTOS mode: class=RTOS, group=Core, mode=CMSIS_V2, owner=FREERTOS
2026-09-28 18:18:52,266 [WARN] ModelIntegratedComponent:181 - Missing modes for component STMicroelectronics:FreeRTOS:0.0.1:STMicroelectronics:RTOS:FreeRTOS:Core:::10.2.0:
2026-09-28 18:18:52,267 [WARN] ApiManager:304 - Cannot register API 'Board Extension:NFC04A1' from pack STMicroelectronics.X-CUBE-NFC4.3.0.0: no header file found
2026-09-28 18:18:52,268 [WARN] ApiManager:304 - Cannot register API 'Board Extension:S2868A1' from pack STMicroelectronics.X-CUBE-SUBG2.5.0.0: no header file found
2026-09-28 18:18:52,268 [WARN] ApiManager:304 - Cannot register API 'Board Extension:S2868A2' from pack STMicroelectronics.X-CUBE-SUBG2.5.0.0: no header file found
2026-09-28 18:18:52,268 [WARN] ApiManager:304 - Cannot register API 'Board Extension:S2915A1' from pack STMicroelectronics.X-CUBE-SUBG2.5.0.0: no header file found
2026-09-28 18:18:52,304 [WARN] ApiManager:304 - Cannot register API 'Board Extension:IKS02A1' from pack STMicroelectronics.X-CUBE-MEMS1.13.0.0: no header file found
2026-09-28 18:18:52,304 [WARN] ApiManager:304 - Cannot register API 'Board Extension:IKS4A1' from pack STMicroelectronics.X-CUBE-MEMS1.13.0.0: no header file found
2026-09-28 18:18:52,304 [WARN] ApiManager:304 - Cannot register API 'Board Extension:IKS5A1' from pack STMicroelectronics.X-CUBE-MEMS1.13.0.0: no header file found
2026-09-28 18:18:52,309 [WARN] ApiManager:304 - Cannot register API 'Board Extension:NFC07A1' from pack STMicroelectronics.X-CUBE-NFC7.2.0.0: no header file found
2026-09-28 18:18:52,310 [WARN] ApiManager:304 - Cannot register API 'Board Extension:GNSS1A1' from pack STMicroelectronics.X-CUBE-GNSS1.7.1.1: no header file found
2026-09-28 18:18:52,310 [WARN] ApiManager:304 - Cannot register API 'Board Support:Custom' from pack STMicroelectronics.X-CUBE-GNSS1.7.1.1: no header file found
2026-09-28 18:18:52,310 [WARN] ApiManager:304 - Cannot register API 'Data Exchange:lib_gnss' from pack STMicroelectronics.X-CUBE-GNSS1.7.1.1: no header file found
2026-09-28 18:18:52,310 [WARN] ApiManager:304 - Cannot register API 'Board Extension:NFC10A1' from pack STMicroelectronics.X-CUBE-NFC10.1.0.0: no header file found
2026-09-28 18:18:52,311 [WARN] ModelIntegratedComponent:60 - No mode defined for component null
2026-09-28 18:18:52,311 [WARN] ModelIntegratedComponent:60 - No mode defined for component null
2026-09-28 18:18:52,311 [WARN] ModelIntegratedComponent:60 - No mode defined for component null
2026-09-28 18:18:52,311 [WARN] ModelIntegratedComponent:60 - No mode defined for component null
2026-09-28 18:18:52,311 [WARN] ModelIntegratedComponent:60 - No mode defined for component null
2026-09-28 18:18:52,311 [WARN] ModelIntegratedComponent:60 - No mode defined for component null
2026-09-28 18:18:52,311 [WARN] ModelIntegratedComponent:60 - No mode defined for component null
2026-09-28 18:18:52,311 [WARN] ModelIntegratedComponent:60 - No mode defined for component null
2026-09-28 18:18:52,311 [WARN] ModelIntegratedComponent:60 - No mode defined for component null
2026-09-28 18:18:52,311 [WARN] ModelIntegratedComponent:60 - No mode defined for component null
2026-09-28 18:18:52,311 [WARN] ModelIntegratedComponent:60 - No mode defined for component null
2026-09-28 18:18:52,311 [WARN] ModelIntegratedComponent:60 - No mode defined for component null
2026-09-28 18:18:52,311 [WARN] ModelIntegratedComponent:60 - No mode defined for component null
2026-09-28 18:18:52,311 [WARN] ModelIntegratedComponent:60 - No mode defined for component null
2026-09-28 18:18:52,311 [WARN] ModelIntegratedComponent:60 - No mode defined for component null
2026-09-28 18:18:52,311 [WARN] ModelIntegratedComponent:60 - No mode defined for component null
2026-09-28 18:18:52,311 [WARN] ModelIntegratedComponent:60 - No mode defined for component null
2026-09-28 18:18:52,311 [WARN] ModelIntegratedComponent:60 - No mode defined for component null
2026-09-28 18:18:52,311 [WARN] ModelIntegratedComponent:60 - No mode defined for component null
2026-09-28 18:18:52,311 [WARN] ModelIntegratedComponent:60 - No mode defined for component null
2026-09-28 18:18:52,311 [WARN] ModelIntegratedComponent:60 - No mode defined for component null
2026-09-28 18:18:52,311 [WARN] ModelIntegratedComponent:60 - No mode defined for component null
2026-09-28 18:18:52,311 [WARN] ModelIntegratedComponent:60 - No mode defined for component null
2026-09-28 18:18:52,311 [WARN] ModelIntegratedComponent:60 - No mode defined for component null
2026-09-28 18:18:52,311 [WARN] ModelIntegratedComponent:60 - No mode defined for component null
2026-09-28 18:18:52,311 [WARN] ModelIntegratedComponent:60 - No mode defined for component null
2026-09-28 18:18:52,311 [WARN] ModelIntegratedComponent:60 - No mode defined for component null
2026-09-28 18:18:52,311 [WARN] ModelIntegratedComponent:60 - No mode defined for component null
2026-09-28 18:18:52,311 [WARN] ModelIntegratedComponent:60 - No mode defined for component null
2026-09-28 18:18:52,311 [WARN] ModelIntegratedComponent:60 - No mode defined for component null
2026-09-28 18:18:52,311 [WARN] ModelIntegratedComponent:60 - No mode defined for component null
2026-09-28 18:18:52,311 [WARN] ModelIntegratedComponent:60 - No mode defined for component null
2026-09-28 18:18:52,311 [WARN] ModelIntegratedComponent:60 - No mode defined for component null
2026-09-28 18:18:52,313 [WARN] ApiManager:304 - Cannot register API 'Board Extension:NFC06A1' from pack STMicroelectronics.X-CUBE-NFC6.3.2.0: no header file found
2026-09-28 18:18:52,313 [WARN] ApiManager:304 - Cannot register API 'Board Extension:NFC08A1' from pack STMicroelectronics.X-CUBE-NFC6.3.2.0: no header file found
2026-09-28 18:18:52,321 [WARN] ApiManager:304 - Cannot register API 'Board Extension:S2868A1' from pack STMicroelectronics.X-CUBE-SFXS2LP1.4.0.0: no header file found
2026-09-28 18:18:52,321 [WARN] ApiManager:304 - Cannot register API 'Board Extension:S2868A2' from pack STMicroelectronics.X-CUBE-SFXS2LP1.4.0.0: no header file found
2026-09-28 18:18:52,321 [WARN] ApiManager:304 - Cannot register API 'Board Extension:S2915A1' from pack STMicroelectronics.X-CUBE-SFXS2LP1.4.0.0: no header file found
2026-09-28 18:18:52,322 [WARN] ApiManager:304 - Cannot register API 'Board Extension:NFC13A1' from pack STMicroelectronics.X-CUBE-NFC13.1.0.0: no header file found
2026-09-28 18:18:52,322 [WARN] ApiManager:304 - Cannot register API 'Wireless:STM32WB05N' from pack STMicroelectronics.X-CUBE-WB05N.2.1.0: no header file found
2026-09-28 18:18:52,328 [INFO] ThirdPartyModel:282 - Start build external matchings
2026-09-28 18:18:52,432 [INFO] ThirdPartyModel:295 - End build external matchings
2026-09-28 18:18:52,439 [INFO] ImportTextPane:183 - (OptionalMessage_ERROR) IP (SYS) : Invalid parameter (Debug)
2026-09-28 18:18:52,570 [INFO] UtilMem:74 - End LoadConfig() Used Memory: 646057744 Bytes (774897664)
2026-09-28 18:18:52,577 [WARN] ThirdParty:785 - waiting for thirdparty lock release [change project]
2026-09-28 18:18:52,577 [INFO] ThirdParty:787 - entering critical section [change project]
2026-09-28 18:18:52,577 [INFO] ThirdParty:977 - CMSIS Pack Vendor :STMicroelectronics X-CUBE-AZRTOS-H7 3.5.0
2026-09-28 18:18:52,577 [INFO] ThirdParty:977 - CMSIS Pack Vendor :STMicroelectronics X-CUBE-PM33A1 1.0.0
2026-09-28 18:18:52,577 [INFO] ThirdParty:977 - CMSIS Pack Vendor :STMicroelectronics X-CUBE-NFC9 1.0.0
2026-09-28 18:18:52,577 [INFO] ThirdParty:977 - CMSIS Pack Vendor :STMicroelectronics USB_HOST 2.0.0
2026-09-28 18:18:52,577 [INFO] ThirdParty:977 - CMSIS Pack Vendor :STMicroelectronics FP-ATR-ASTRA1 2.0.3
2026-09-28 18:18:52,578 [INFO] ThirdParty:977 - CMSIS Pack Vendor :STMicroelectronics X-CUBE-AZRTOS-F4 1.1.0
2026-09-28 18:18:52,578 [INFO] ThirdParty:977 - CMSIS Pack Vendor :STMicroelectronics LIBJPEG 8.0.0
2026-09-28 18:18:52,578 [INFO] ThirdParty:977 - CMSIS Pack Vendor :wolfSSL I-CUBE-wolfMQTT 1.19.2
2026-09-28 18:18:52,578 [INFO] ThirdParty:977 - CMSIS Pack Vendor :STMicroelectronics USB_DEVICE 3.0.0
2026-09-28 18:18:52,578 [INFO] ThirdParty:977 - CMSIS Pack Vendor :STMicroelectronics X-CUBE-ISPU 2.1.0
2026-09-28 18:18:52,578 [INFO] ThirdParty:977 - CMSIS Pack Vendor :STMicroelectronics X-CUBE-EEPRMA1 5.2.0
2026-09-28 18:18:52,578 [INFO] ThirdParty:977 - CMSIS Pack Vendor :STMicroelectronics X-CUBE-AZRTOS-WB 2.0.0
2026-09-28 18:18:52,578 [INFO] ThirdParty:977 - CMSIS Pack Vendor :STMicroelectronics X-CUBE-NFC12 1.0.0
2026-09-28 18:18:52,578 [INFO] ThirdParty:977 - CMSIS Pack Vendor :STMicroelectronics X-CUBE-AZRTOS-F7 1.1.0
2026-09-28 18:18:52,578 [INFO] ThirdParty:977 - CMSIS Pack Vendor :STMicroelectronics X-CUBE-AZRTOS-L5 2.0.0
2026-09-28 18:18:52,578 [INFO] ThirdParty:977 - CMSIS Pack Vendor :STMicroelectronics USB_DEVICE 2.0.0
2026-09-28 18:18:52,578 [INFO] ThirdParty:977 - CMSIS Pack Vendor :STMicroelectronics X-CUBE-STSE01 2.0.0
2026-09-28 18:18:52,578 [INFO] ThirdParty:977 - CMSIS Pack Vendor :STMicroelectronics X-CUBE-ALGOBUILD 1.5.0
2026-09-28 18:18:52,578 [INFO] ThirdParty:977 - CMSIS Pack Vendor :STMicroelectronics FreeRTOS 0.0.1
2026-09-28 18:18:52,578 [INFO] ThirdParty:977 - CMSIS Pack Vendor :STMicroelectronics X-CUBE-AZRTOS-H7RS 1.3.0
2026-09-28 18:18:52,578 [INFO] ThirdParty:977 - CMSIS Pack Vendor :STMicroelectronics X-CUBE-AZRTOS-G0 1.1.0
2026-09-28 18:18:52,578 [INFO] ThirdParty:977 - CMSIS Pack Vendor :STMicroelectronics X-CUBE-NFC4 3.0.0
2026-09-28 18:18:52,578 [INFO] ThirdParty:977 - CMSIS Pack Vendor :STMicroelectronics X-CUBE-SUBG2 5.0.0
2026-09-28 18:18:52,578 [INFO] ThirdParty:977 - CMSIS Pack Vendor :STMicroelectronics STM32_WPAN 1.0.0
2026-09-28 18:18:52,578 [INFO] ThirdParty:977 - CMSIS Pack Vendor :STMicroelectronics lwIP 2.0.3
2026-09-28 18:18:52,578 [INFO] ThirdParty:977 - CMSIS Pack Vendor :STMicroelectronics X-CUBE-MEMS1 13.0.0
2026-09-28 18:18:52,578 [INFO] ThirdParty:977 - CMSIS Pack Vendor :STMicroelectronics USB_HOST 1.0.0
2026-09-28 18:18:52,578 [INFO] ThirdParty:977 - CMSIS Pack Vendor :STMicroelectronics X-CUBE-AZRTOS-G4 2.0.0
2026-09-28 18:18:52,578 [INFO] ThirdParty:977 - CMSIS Pack Vendor :STMicroelectronics PDM2PCM 3.1.0
2026-09-28 18:18:52,578 [INFO] ThirdParty:977 - CMSIS Pack Vendor :STMicroelectronics PDM2PCM 3.3.0
2026-09-28 18:18:52,578 [INFO] ThirdParty:977 - CMSIS Pack Vendor :wolfSSL I-CUBE-wolfTPM 3.8.0
2026-09-28 18:18:52,578 [INFO] ThirdParty:977 - CMSIS Pack Vendor :STMicroelectronics X-CUBE-DISPLAY 3.0.0
2026-09-28 18:18:52,578 [INFO] ThirdParty:977 - CMSIS Pack Vendor :wolfSSL I-CUBE-wolfSSH 1.4.20
2026-09-28 18:18:52,578 [INFO] ThirdParty:977 - CMSIS Pack Vendor :STMicroelectronics X-CUBE-NFC7 2.0.0
2026-09-28 18:18:52,578 [INFO] ThirdParty:977 - CMSIS Pack Vendor :STMicroelectronics X-CUBE-GNSS1 7.1.1
2026-09-28 18:18:52,578 [INFO] ThirdParty:977 - CMSIS Pack Vendor :STMicroelectronics FP-ATR-SIGFOX1 3.2.0
2026-09-28 18:18:52,578 [INFO] ThirdParty:977 - CMSIS Pack Vendor :STMicroelectronics X-CUBE-NFC10 1.0.0
2026-09-28 18:18:52,578 [INFO] ThirdParty:977 - CMSIS Pack Vendor :STMicroelectronics HAL Drivers 0.0.0
2026-09-28 18:18:52,578 [INFO] ThirdParty:977 - CMSIS Pack Vendor :STMicroelectronics MBEDTLS 2.16.2
2026-09-28 18:18:52,578 [INFO] ThirdParty:977 - CMSIS Pack Vendor :emotas I-CUBE-CANOPEN 1.3.0
2026-09-28 18:18:52,578 [INFO] ThirdParty:977 - CMSIS Pack Vendor :wolfSSL I-CUBE-wolfSSL 5.9.2
2026-09-28 18:18:52,578 [INFO] ThirdParty:977 - CMSIS Pack Vendor :STMicroelectronics MBEDTLS 2.14.1
2026-09-28 18:18:52,578 [INFO] ThirdParty:977 - CMSIS Pack Vendor :ITTIA_DB I-CUBE-ITTIADB 8.9.0
2026-09-28 18:18:52,578 [INFO] ThirdParty:977 - CMSIS Pack Vendor :STMicroelectronics X-CUBE-TOUCHGFX 4.26.1
2026-09-28 18:18:52,578 [INFO] ThirdParty:977 - CMSIS Pack Vendor :STMicroelectronics X-CUBE-NFC6 3.2.0
2026-09-28 18:18:52,578 [INFO] ThirdParty:977 - CMSIS Pack Vendor :STMicroelectronics X-CUBE-AI 10.2.1
2026-09-28 18:18:52,578 [INFO] ThirdParty:977 - CMSIS Pack Vendor :STMicroelectronics ThreadX 1.0.0
2026-09-28 18:18:52,578 [INFO] ThirdParty:977 - CMSIS Pack Vendor :STMicroelectronics FP-SNS-SMARTAG2 1.2.0
2026-09-28 18:18:52,578 [INFO] ThirdParty:977 - CMSIS Pack Vendor :STMicroelectronics X-CUBE-AZRTOS-WL 2.0.0
2026-09-28 18:18:52,578 [INFO] ThirdParty:977 - CMSIS Pack Vendor :SEGGER I-CUBE-embOS 1.3.1
2026-09-28 18:18:52,578 [INFO] ThirdParty:977 - CMSIS Pack Vendor :STMicroelectronics USB_DEVICE 1.0.0
2026-09-28 18:18:52,578 [INFO] ThirdParty:977 - CMSIS Pack Vendor :STMicroelectronics X-CUBE-AZRTOS-L4 2.0.0
2026-09-28 18:18:52,578 [INFO] ThirdParty:977 - CMSIS Pack Vendor :STMicroelectronics ThreadX 0.0.2
2026-09-28 18:18:52,578 [INFO] ThirdParty:977 - CMSIS Pack Vendor :STMicroelectronics lwIP 2.1.2
2026-09-28 18:18:52,578 [INFO] ThirdParty:977 - CMSIS Pack Vendor :STMicroelectronics X-CUBE-SFXS2LP1 4.0.0
2026-09-28 18:18:52,578 [INFO] ThirdParty:977 - CMSIS Pack Vendor :STMicroelectronics X-CUBE-NFC13 1.0.0
2026-09-28 18:18:52,578 [INFO] ThirdParty:977 - CMSIS Pack Vendor :STMicroelectronics PDM2PCM 3.2.0
2026-09-28 18:18:52,578 [INFO] ThirdParty:977 - CMSIS Pack Vendor :STMicroelectronics X-CUBE-WB05N 2.1.0
2026-09-28 18:18:52,578 [INFO] ThirdParty:793 - exiting critical section [change project]
2026-09-28 18:18:52,770 [INFO] PinOutPanel:1465 - setPackage(No Configuration,No Configuration)
2026-09-28 18:18:52,770 [INFO] PinOutPanel:1465 - setPackage(STM32F427VITx,LQFP100)
2026-09-28 18:18:53,001 [INFO] UtilMem:74 - Before build in PCC Used Memory: 468515624 Bytes (774897664)
2026-09-28 18:18:53,345 [INFO] UtilMem:74 - After build in PCC Used Memory: 663026464 Bytes (774897664)
2026-09-28 18:18:53,367 [INFO] IPUIPlugin:75 - create IPUIPlugin
2026-09-28 18:18:53,368 [INFO] IPUIPlugin:75 - create IPUIPlugin
2026-09-28 18:18:53,368 [INFO] IPUIPlugin:75 - create IPUIPlugin
2026-09-28 18:18:53,368 [INFO] IPUIPlugin:75 - create IPUIPlugin
2026-09-28 18:18:53,368 [INFO] IPUIPlugin:75 - create IPUIPlugin
2026-09-28 18:18:53,368 [INFO] IPUIPlugin:75 - create IPUIPlugin
2026-09-28 18:18:53,368 [INFO] IPUIPlugin:75 - create IPUIPlugin
2026-09-28 18:18:53,368 [INFO] IPUIPlugin:75 - create IPUIPlugin
2026-09-28 18:18:53,368 [INFO] IPUIPlugin:75 - create IPUIPlugin
2026-09-28 18:18:53,368 [INFO] IPUIPlugin:75 - create IPUIPlugin
2026-09-28 18:18:53,368 [INFO] IPUIPlugin:75 - create IPUIPlugin
2026-09-28 18:18:53,368 [INFO] IPUIPlugin:75 - create IPUIPlugin
2026-09-28 18:18:53,368 [INFO] IPUIPlugin:75 - create IPUIPlugin
2026-09-28 18:18:53,368 [INFO] IPUIPlugin:75 - create IPUIPlugin
2026-09-28 18:18:53,368 [INFO] IPUIPlugin:75 - create IPUIPlugin
2026-09-28 18:18:53,368 [INFO] IPUIPlugin:75 - create IPUIPlugin
2026-09-28 18:18:53,368 [INFO] IPUIPlugin:75 - create IPUIPlugin
2026-09-28 18:18:53,368 [INFO] IPUIPlugin:75 - create IPUIPlugin
2026-09-28 18:18:53,369 [INFO] IPUIPlugin:75 - create IPUIPlugin
2026-09-28 18:18:53,369 [INFO] IPUIPlugin:75 - create IPUIPlugin
2026-09-28 18:18:53,369 [INFO] IPUIPlugin:75 - create IPUIPlugin
2026-09-28 18:18:53,369 [INFO] IPUIPlugin:75 - create IPUIPlugin
2026-09-28 18:18:53,369 [INFO] IPUIPlugin:75 - create IPUIPlugin
2026-09-28 18:18:53,369 [INFO] IPUIPlugin:75 - create IPUIPlugin
2026-09-28 18:18:53,369 [INFO] IPUIPlugin:75 - create IPUIPlugin
2026-09-28 18:18:53,369 [INFO] IPUIPlugin:75 - create IPUIPlugin
2026-09-28 18:18:53,369 [INFO] IPUIPlugin:75 - create IPUIPlugin
2026-09-28 18:18:53,369 [INFO] IPUIPlugin:75 - create IPUIPlugin
2026-09-28 18:18:53,369 [INFO] IPUIPlugin:75 - create IPUIPlugin
2026-09-28 18:18:53,369 [INFO] IPUIPlugin:75 - create IPUIPlugin
2026-09-28 18:18:53,369 [INFO] IPUIPlugin:75 - create IPUIPlugin
2026-09-28 18:18:53,369 [INFO] IPUIPlugin:75 - create IPUIPlugin
2026-09-28 18:18:53,369 [INFO] IPUIPlugin:75 - create IPUIPlugin
2026-09-28 18:18:53,370 [INFO] IPUIPlugin:75 - create IPUIPlugin
2026-09-28 18:18:53,370 [INFO] IPUIPlugin:75 - create IPUIPlugin
2026-09-28 18:18:53,370 [INFO] IPUIPlugin:75 - create IPUIPlugin
2026-09-28 18:18:53,370 [INFO] IPUIPlugin:75 - create IPUIPlugin
2026-09-28 18:18:53,370 [INFO] IPUIPlugin:75 - create IPUIPlugin
2026-09-28 18:18:53,370 [INFO] IPUIPlugin:75 - create IPUIPlugin
2026-09-28 18:18:53,370 [INFO] IPUIPlugin:75 - create IPUIPlugin
2026-09-28 18:18:53,370 [INFO] IPUIPlugin:75 - create IPUIPlugin
2026-09-28 18:18:53,370 [INFO] IPUIPlugin:75 - create IPUIPlugin
2026-09-28 18:18:53,370 [INFO] IPUIPlugin:75 - create IPUIPlugin
2026-09-28 18:18:53,370 [INFO] IPUIPlugin:75 - create IPUIPlugin
2026-09-28 18:18:53,370 [INFO] IPUIPlugin:75 - create IPUIPlugin
2026-09-28 18:18:53,370 [INFO] IPUIPlugin:75 - create IPUIPlugin
2026-09-28 18:18:53,370 [INFO] IPUIPlugin:75 - create IPUIPlugin
2026-09-28 18:18:53,370 [INFO] IPUIPlugin:75 - create IPUIPlugin
2026-09-28 18:18:53,370 [INFO] IPUIPlugin:75 - create IPUIPlugin
2026-09-28 18:18:53,370 [INFO] IPUIPlugin:75 - create IPUIPlugin
2026-09-28 18:18:53,370 [INFO] IPUIPlugin:75 - create IPUIPlugin
2026-09-28 18:18:53,370 [INFO] IPUIPlugin:75 - create IPUIPlugin
2026-09-28 18:18:53,370 [INFO] IPUIPlugin:75 - create IPUIPlugin
2026-09-28 18:18:53,371 [INFO] IPUIPlugin:75 - create IPUIPlugin
2026-09-28 18:18:53,371 [INFO] IPUIPlugin:75 - create IPUIPlugin
2026-09-28 18:18:53,371 [INFO] IPUIPlugin:75 - create IPUIPlugin
2026-09-28 18:18:53,371 [INFO] IPUIPlugin:75 - create IPUIPlugin
2026-09-28 18:18:53,371 [INFO] IPUIPlugin:75 - create IPUIPlugin
2026-09-28 18:18:53,371 [INFO] IPUIPlugin:75 - create IPUIPlugin
2026-09-28 18:18:53,371 [INFO] IPUIPlugin:75 - create IPUIPlugin
2026-09-28 18:18:53,372 [INFO] IPUIPlugin:75 - create IPUIPlugin
2026-09-28 18:18:53,372 [INFO] IPUIPlugin:75 - create IPUIPlugin
2026-09-28 18:18:53,372 [INFO] IPUIPlugin:75 - create IPUIPlugin
2026-09-28 18:18:53,392 [INFO] ApiDbMcu:488 - Load IP Config File for PDM2PCM
2026-09-28 18:18:53,503 [INFO] OpenFileManager:323 - Restore cursor
2026-09-28 18:22:01,828 [INFO] UtilMem:74 - End SaveConfig() Used Memory: 554911568 Bytes (774897664)
2026-09-28 18:22:03,508 [INFO] UtilMem:74 - End SaveConfig() Used Memory: 512062512 Bytes (774897664)
2026-09-28 18:22:08,212 [ERROR] ConfigurationRetriever:139 - IOException on connection: Connection reset
2026-09-28 18:22:11,201 [INFO] ServerAccessManage:359 - Download File stm32cube_fw_f4_v1270.zip
2026-09-28 18:25:13,375 [ERROR] AdobePublisher:162 - Exception while opening the connection: javax.net.ssl.SSLException: Connection reset
2026-09-28 18:25:18,378 [ERROR] AdobePublisher:162 - Exception while opening the connection: javax.net.ssl.SSLException: Connection reset
2026-09-28 18:25:20,336 [INFO] AnalyticsPlugin:358 - Accepted License(s): [FW.F4.1.27.0]
2026-09-28 18:25:20,336 [INFO] FileExtend:235 - Unzip File : stm32cube_fw_f4_v1270.zip
2026-09-28 18:25:20,336 [INFO] FileExtend:250 - Standard Zip Deflate
2026-09-28 18:25:31,816 [ERROR] AdobePublisher:162 - Exception while opening the connection: javax.net.ssl.SSLException: Connection reset
2026-09-28 18:25:32,221 [INFO] LoadServerPackagesThread:185 - End of LoadServerPackages Thread
2026-09-28 18:25:32,335 [INFO] ThirdPartyModel:282 - Start build external matchings
2026-09-28 18:25:32,339 [INFO] UtilMem:74 - End SaveConfig() Used Memory: 577214128 Bytes (1073741824)
2026-09-28 18:25:32,466 [INFO] ThirdPartyModel:295 - End build external matchings
2026-09-28 18:25:32,469 [INFO] CheckServerUpdateThread:115 - End of CheckServer Thread
2026-09-28 18:25:32,583 [INFO] BlockDiagram:2740 - set Specific Code input for plugin: SYS
2026-09-28 18:25:32,583 [INFO] BlockDiagram:2740 - set Specific Code input for plugin: RCC
2026-09-28 18:25:32,583 [INFO] BlockDiagram:2740 - set Specific Code input for plugin: NVIC
2026-09-28 18:25:32,583 [INFO] BlockDiagram:2740 - set Specific Code input for plugin: GPIO
2026-09-28 18:25:32,584 [INFO] CodeGenerator:681 - code generatio: config db path: /home/rmb/Downloads/stm32cubeide-1.9.0-sandbox/plugins/com.st.stm32cube.common.mx_6.5.0.202202251913//db/
2026-09-28 18:25:32,722 [INFO] CodeEngine:237 - oldGeneratedFile, /home/rmb/itmo/4/1sem/pvs/lab1/MXTmpFiles/license.tmp_save
2026-09-28 18:25:32,906 [INFO] CodeEngine:261 - Generated code: /home/rmb/itmo/4/1sem/pvs/lab1/MXTmpFiles/license.tmp
2026-09-28 18:25:32,933 [INFO] CodeEngine:237 - oldGeneratedFile, /home/rmb/itmo/4/1sem/pvs/lab1/MXTmpFiles/gpio.tmp_save
2026-09-28 18:25:32,982 [INFO] CodeEngine:261 - Generated code: /home/rmb/itmo/4/1sem/pvs/lab1/MXTmpFiles/gpio.tmp
2026-09-28 18:25:32,990 [INFO] CodeEngine:237 - oldGeneratedFile, /home/rmb/itmo/4/1sem/pvs/lab1/Core/Src/stm32f4xx_it.c_save
2026-09-28 18:25:33,035 [INFO] CodeEngine:261 - Generated code: /home/rmb/itmo/4/1sem/pvs/lab1/Core/Src/stm32f4xx_it.c
2026-09-28 18:25:33,036 [INFO] CodeEngine:237 - oldGeneratedFile, /home/rmb/itmo/4/1sem/pvs/lab1/Core/Inc/stm32f4xx_it.h_save
2026-09-28 18:25:33,065 [INFO] CodeEngine:261 - Generated code: /home/rmb/itmo/4/1sem/pvs/lab1/Core/Inc/stm32f4xx_it.h
2026-09-28 18:25:33,067 [INFO] CodeEngine:237 - oldGeneratedFile, /home/rmb/itmo/4/1sem/pvs/lab1/Core/Src/stm32f4xx_hal_msp.c_save
2026-09-28 18:25:33,114 [INFO] CodeEngine:261 - Generated code: /home/rmb/itmo/4/1sem/pvs/lab1/Core/Src/stm32f4xx_hal_msp.c
2026-09-28 18:25:33,115 [INFO] CodeEngine:237 - oldGeneratedFile, /home/rmb/itmo/4/1sem/pvs/lab1/MXTmpFiles/system.tmp_save
2026-09-28 18:25:33,166 [INFO] CodeEngine:261 - Generated code: /home/rmb/itmo/4/1sem/pvs/lab1/MXTmpFiles/system.tmp
2026-09-28 18:25:33,167 [INFO] CodeEngine:237 - oldGeneratedFile, /home/rmb/itmo/4/1sem/pvs/lab1/Core/Inc/stm32f4xx_hal_conf.h_save
2026-09-28 18:25:33,228 [INFO] CodeEngine:261 - Generated code: /home/rmb/itmo/4/1sem/pvs/lab1/Core/Inc/stm32f4xx_hal_conf.h
2026-09-28 18:25:33,259 [INFO] CodeEngine:237 - oldGeneratedFile, /home/rmb/itmo/4/1sem/pvs/lab1/Core/Inc/main.h_save
2026-09-28 18:25:33,316 [INFO] CodeEngine:261 - Generated code: /home/rmb/itmo/4/1sem/pvs/lab1/Core/Inc/main.h
2026-09-28 18:25:33,317 [INFO] CodeEngine:237 - oldGeneratedFile, /home/rmb/itmo/4/1sem/pvs/lab1/Core/Src/main.c_save
2026-09-28 18:25:33,405 [INFO] CodeEngine:261 - Generated code: /home/rmb/itmo/4/1sem/pvs/lab1/Core/Src/main.c
2026-09-28 18:25:33,782 [INFO] ProjectBuilder:2913 - Time for Copy HAL[1] : 10mS.
2026-09-28 18:25:33,791 [INFO] ProjectBuilder:4015 - Project Generator version: 3.16.0
2026-09-28 18:25:34,000 [INFO] ConfigFileManager:1287 - The Die is : DIE419
2026-09-28 18:25:34,009 [INFO] ApiDbMcu:488 - Load IP Config File for FATFS
2026-09-28 18:25:34,026 [INFO] ApiDbMcu:488 - Load IP Config File for FREERTOS
2026-09-28 18:25:34,029 [INFO] ApiDbMcu:488 - Load IP Config File for LIBJPEG
2026-09-28 18:25:34,066 [INFO] ApiDbMcu:488 - Load IP Config File for LWIP
2026-09-28 18:25:34,102 [INFO] ApiDbMcu:488 - Load IP Config File for MBEDTLS
2026-09-28 18:25:34,113 [INFO] ApiDbMcu:488 - Load IP Config File for USB_DEVICE
2026-09-28 18:25:34,116 [INFO] ApiDbMcu:488 - Load IP Config File for USB_HOST
2026-09-28 18:25:34,396 [ERROR] root:60 - Project update internal error checking project compliancy: lab1
2026-09-28 18:25:34,396 [INFO] ProjectBuilder:4183 - Time for Generating toolchain IDE Files: 605mS.
2026-09-28 18:25:34,396 [INFO] ProjectBuilder:2785 - Time for Copy CMSIS : 0mS.
2026-09-28 18:25:34,397 [INFO] ProjectBuilder:2785 - Time for Copy CMSIS : 0mS.
2026-09-28 18:25:38,309 [ERROR] ConfigurationRetriever:139 - IOException on connection: Read timed out
2026-09-28 18:25:43,323 [ERROR] AdobePublisher:162 - Exception while opening the connection: javax.net.ssl.SSLException: Connection reset
2026-09-28 18:25:48,521 [ERROR] AdobePublisher:162 - Exception while opening the connection: javax.net.ssl.SSLException: Connection reset
2026-09-28 18:25:53,528 [ERROR] AdobePublisher:162 - Exception while opening the connection: javax.net.ssl.SSLException: Connection reset
2026-09-28 18:25:58,533 [ERROR] AdobePublisher:162 - Exception while opening the connection: javax.net.ssl.SSLException: Connection reset
2026-09-28 18:26:03,541 [ERROR] AdobePublisher:162 - Exception while opening the connection: javax.net.ssl.SSLException: Connection reset
2026-09-28 18:26:49,677 [ERROR] ConfigurationRetriever:139 - IOException on connection: Read timed out
2026-09-28 18:26:51,680 [ERROR] ConfigurationRetriever:139 - IOException on connection: Read timed out
2026-09-28 18:27:56,488 [ERROR] ConfigurationRetriever:139 - IOException on connection: Read timed out
2026-09-28 18:28:00,275 [ERROR] AdobePublisher:162 - Exception while opening the connection: java.net.SocketTimeoutException: connect timed out
2026-09-28 18:28:02,280 [ERROR] AdobePublisher:162 - Exception while opening the connection: java.net.SocketTimeoutException: Read timed out
2026-09-28 18:28:04,283 [ERROR] AdobePublisher:162 - Exception while opening the connection: java.net.SocketTimeoutException: Read timed out
2026-09-28 18:28:06,288 [ERROR] AdobePublisher:162 - Exception while opening the connection: java.net.SocketTimeoutException: Read timed out
2026-09-28 18:28:08,292 [ERROR] AdobePublisher:162 - Exception while opening the connection: java.net.SocketTimeoutException: Read timed out
2026-09-28 18:28:47,628 [INFO] UtilMem:74 - End SaveConfig() Used Memory: 685841440 Bytes (1073741824)
2026-09-28 18:28:47,733 [INFO] BlockDiagram:2740 - set Specific Code input for plugin: SYS
2026-09-28 18:28:47,733 [INFO] BlockDiagram:2740 - set Specific Code input for plugin: RCC
2026-09-28 18:28:47,733 [INFO] BlockDiagram:2740 - set Specific Code input for plugin: NVIC
2026-09-28 18:28:47,733 [INFO] BlockDiagram:2740 - set Specific Code input for plugin: GPIO
2026-09-28 18:28:47,733 [INFO] CodeGenerator:681 - code generatio: config db path: /home/rmb/Downloads/stm32cubeide-1.9.0-sandbox/plugins/com.st.stm32cube.common.mx_6.5.0.202202251913//db/
2026-09-28 18:28:47,815 [INFO] CodeEngine:237 - oldGeneratedFile, /home/rmb/itmo/4/1sem/pvs/lab1/MXTmpFiles/license.tmp_save
2026-09-28 18:28:47,856 [INFO] CodeEngine:261 - Generated code: /home/rmb/itmo/4/1sem/pvs/lab1/MXTmpFiles/license.tmp
2026-09-28 18:28:47,863 [INFO] CodeEngine:237 - oldGeneratedFile, /home/rmb/itmo/4/1sem/pvs/lab1/MXTmpFiles/gpio.tmp_save
2026-09-28 18:28:47,896 [INFO] CodeEngine:261 - Generated code: /home/rmb/itmo/4/1sem/pvs/lab1/MXTmpFiles/gpio.tmp
2026-09-28 18:28:47,903 [INFO] CodeEngine:237 - oldGeneratedFile, /home/rmb/itmo/4/1sem/pvs/lab1/Core/Src/stm32f4xx_it.c_save
2026-09-28 18:28:47,943 [INFO] CodeEngine:261 - Generated code: /home/rmb/itmo/4/1sem/pvs/lab1/Core/Src/stm32f4xx_it.c
2026-09-28 18:28:47,944 [INFO] CodeEngine:237 - oldGeneratedFile, /home/rmb/itmo/4/1sem/pvs/lab1/Core/Inc/stm32f4xx_it.h_save
2026-09-28 18:28:47,968 [INFO] CodeEngine:261 - Generated code: /home/rmb/itmo/4/1sem/pvs/lab1/Core/Inc/stm32f4xx_it.h
2026-09-28 18:28:47,970 [INFO] CodeEngine:237 - oldGeneratedFile, /home/rmb/itmo/4/1sem/pvs/lab1/Core/Src/stm32f4xx_hal_msp.c_save
2026-09-28 18:28:48,005 [INFO] CodeEngine:261 - Generated code: /home/rmb/itmo/4/1sem/pvs/lab1/Core/Src/stm32f4xx_hal_msp.c
2026-09-28 18:28:48,005 [INFO] CodeEngine:237 - oldGeneratedFile, /home/rmb/itmo/4/1sem/pvs/lab1/MXTmpFiles/system.tmp_save
2026-09-28 18:28:48,028 [INFO] CodeEngine:261 - Generated code: /home/rmb/itmo/4/1sem/pvs/lab1/MXTmpFiles/system.tmp
2026-09-28 18:28:48,029 [INFO] CodeEngine:237 - oldGeneratedFile, /home/rmb/itmo/4/1sem/pvs/lab1/Core/Inc/stm32f4xx_hal_conf.h_save
2026-09-28 18:28:48,057 [INFO] CodeEngine:261 - Generated code: /home/rmb/itmo/4/1sem/pvs/lab1/Core/Inc/stm32f4xx_hal_conf.h
2026-09-28 18:28:48,068 [INFO] CodeEngine:237 - oldGeneratedFile, /home/rmb/itmo/4/1sem/pvs/lab1/Core/Inc/main.h_save
2026-09-28 18:28:48,092 [INFO] CodeEngine:261 - Generated code: /home/rmb/itmo/4/1sem/pvs/lab1/Core/Inc/main.h
2026-09-28 18:28:48,092 [INFO] CodeEngine:237 - oldGeneratedFile, /home/rmb/itmo/4/1sem/pvs/lab1/Core/Src/main.c_save
2026-09-28 18:28:48,130 [INFO] CodeEngine:261 - Generated code: /home/rmb/itmo/4/1sem/pvs/lab1/Core/Src/main.c
2026-09-28 18:28:48,336 [INFO] ProjectBuilder:2913 - Time for Copy HAL[1] : 5mS.
2026-09-28 18:28:48,337 [INFO] ProjectBuilder:4015 - Project Generator version: 3.16.0
2026-09-28 18:28:48,505 [INFO] ConfigFileManager:1287 - The Die is : DIE419
2026-09-28 18:28:48,812 [ERROR] root:60 - Project update internal error checking project compliancy: lab1
2026-09-28 18:28:48,812 [INFO] ProjectBuilder:4183 - Time for Generating toolchain IDE Files: 475mS.
2026-09-28 18:28:48,812 [INFO] ProjectBuilder:2785 - Time for Copy CMSIS : 0mS.
2026-09-28 18:28:48,813 [INFO] ProjectBuilder:2785 - Time for Copy CMSIS : 0mS.
2026-09-28 18:28:52,940 [ERROR] ConfigurationRetriever:139 - IOException on connection: Connection reset
2026-09-28 18:34:26,143 [ERROR] ConfigurationRetriever:139 - IOException on connection: Read timed out
2026-09-28 18:34:28,643 [ERROR] ConfigurationRetriever:139 - IOException on connection: Read timed out
